sample_id,stratum,wiki_id,page_title,rev_id,event_time,label,reverting_rev_id,minutes_to_revert,diff_url,reverting_diff_url,history_url,correct,note
1,bot_caught,enwiki,Gravity_of_Earth,1376963619,2026-09-27 04:18:55.000000 UTC,bot_caught,1376963643,0.1,https://en.wikipedia.org/w/index.php?diff=1376963619,https://en.wikipedia.org/w/index.php?diff=1376963643,https://en.wikipedia.org/w/index.php?title=Gravity_of_Earth&action=history,,
2,bot_caught,enwiki,Misleading_graph,1377287642,2026-09-28 18:35:18.000000 UTC,bot_caught,1377287650,0.1,https://en.wikipedia.org/w/index.php?diff=1377287642,https://en.wikipedia.org/w/index.php?diff=1377287650,https://en.wikipedia.org/w/index.php?title=Misleading_graph&action=history,,
3,bot_caught,enwiki,Sanjeev_Bikhchandani,1377512805,2026-09-29 20:03:58.000000 UTC,bot_caught,1377512810,0.1,https://en.wikipedia.org/w/index.php?diff=1377512805,https://en.wikipedia.org/w/index.php?diff=1377512810,https://en.wikipedia.org/w/index.php?title=Sanjeev_Bikhchandani&action=history,,
4,bot_caught,enwiki,Eric_Smidt,1377560439,2026-09-30 00:39:26.000000 UTC,bot_caught,1377560450,0.1,https://en.wikipedia.org/w/index.php?diff=1377560439,https://en.wikipedia.org/w/index.php?diff=1377560450,https://en.wikipedia.org/w/index.php?title=Eric_Smidt&action=history,,
5,bot_caught,enwiki,Dogman,1377614584,2026-09-30 04:55:53.000000 UTC,bot_caught,1377614586,0.0,https://en.wikipedia.org/w/index.php?diff=1377614584,https://en.wikipedia.org/w/index.php?diff=1377614586,https://en.wikipedia.org/w/index.php?title=Dogman&action=history,,
6,bot_caught,enwiki,Hermes,1377709813,2026-09-30 18:41:51.000000 UTC,bot_caught,1377709906,0.5,https://en.wikipedia.org/w/index.php?diff=1377709813,https://en.wikipedia.org/w/index.php?diff=1377709906,https://en.wikipedia.org/w/index.php?title=Hermes&action=history,,
7,bot_caught,enwiki,North-West_Rebellion,1377731248,2026-09-30 21:09:35.000000 UTC,bot_caught,1377731281,0.3,https://en.wikipedia.org/w/index.php?diff=1377731248,https://en.wikipedia.org/w/index.php?diff=1377731281,https://en.wikipedia.org/w/index.php?title=North-West_Rebellion&action=history,,
8,bot_caught,enwiki,Ryomen_Sukuna,1377809231,2026-10-01 06:04:57.000000 UTC,bot_caught,1377809236,0.1,https://en.wikipedia.org/w/index.php?diff=1377809231,https://en.wikipedia.org/w/index.php?diff=1377809236,https://en.wikipedia.org/w/index.php?title=Ryomen_Sukuna&action=history,,
9,bot_caught,enwiki,"Ardkeen,_Waterford",1377834370,2026-10-01 11:40:56.000000 UTC,bot_caught,1377834382,0.1,https://en.wikipedia.org/w/index.php?diff=1377834370,https://en.wikipedia.org/w/index.php?diff=1377834382,https://en.wikipedia.org/w/index.php?title=Ardkeen%2C_Waterford&action=history,,
10,bot_caught,enwiki,Encyclopedia_(disambiguation),1377840840,2026-10-01 12:56:44.000000 UTC,bot_caught,1377840844,0.0,https://en.wikipedia.org/w/index.php?diff=1377840840,https://en.wikipedia.org/w/index.php?diff=1377840844,https://en.wikipedia.org/w/index.php?title=Encyclopedia_%28disambiguation%29&action=history,,
11,covered but ok,enwiki,Marston_Mat,1376856229,2026-09-26 17:00:16.000000 UTC,ok,,,https://en.wikipedia.org/w/index.php?diff=1376856229,,https://en.wikipedia.org/w/index.php?title=Marston_Mat&action=history,,
12,covered but ok,enwiki,Riffians,1376915720,2026-09-26 23:59:41.000000 UTC,ok,,,https://en.wikipedia.org/w/index.php?diff=1376915720,,https://en.wikipedia.org/w/index.php?title=Riffians&action=history,,
13,covered but ok,enwiki,List_of_Seattle_Kraken_broadcasters,1377122974,2026-09-28 00:28:38.000000 UTC,ok,,,https://en.wikipedia.org/w/index.php?diff=1377122974,,https://en.wikipedia.org/w/index.php?title=List_of_Seattle_Kraken_broadcasters&action=history,,
14,covered but ok,enwiki,Divyakriti_Singh,1377828908,2026-10-01 10:31:04.000000 UTC,ok,,,https://en.wikipedia.org/w/index.php?diff=1377828908,,https://en.wikipedia.org/w/index.php?title=Divyakriti_Singh&action=history,,
15,covered but ok,enwiki,Mary_J._Blige,1377830146,2026-10-01 10:47:04.000000 UTC,ok,,,https://en.wikipedia.org/w/index.php?diff=1377830146,,https://en.wikipedia.org/w/index.php?title=Mary_J._Blige&action=history,,
16,damaging,enwiki,Siege_of_Augusta,1376831982,2026-09-26 14:13:24.000000 UTC,damaging,1376906190,500.0,https://en.wikipedia.org/w/index.php?diff=1376831982,https://en.wikipedia.org/w/index.php?diff=1376906190,https://en.wikipedia.org/w/index.php?title=Siege_of_Augusta&action=history,,
17,damaging,enwiki,Shotacon,1376846454,2026-09-26 15:56:53.000000 UTC,damaging,1376849576,19.3,https://en.wikipedia.org/w/index.php?diff=1376846454,https://en.wikipedia.org/w/index.php?diff=1376849576,https://en.wikipedia.org/w/index.php?title=Shotacon&action=history,,
18,damaging,enwiki,Yellow_pages,1376971783,2026-09-27 05:07:31.000000 UTC,damaging,1377009957,417.5,https://en.wikipedia.org/w/index.php?diff=1376971783,https://en.wikipedia.org/w/index.php?diff=1377009957,https://en.wikipedia.org/w/index.php?title=Yellow_pages&action=history,,
19,damaging,enwiki,Las_Vegas_Strip_Circuit,1376988497,2026-09-27 07:51:22.000000 UTC,damaging,1376988769,4.4,https://en.wikipedia.org/w/index.php?diff=1376988497,https://en.wikipedia.org/w/index.php?diff=1376988769,https://en.wikipedia.org/w/index.php?title=Las_Vegas_Strip_Circuit&action=history,,
20,damaging,enwiki,IC_1101,1377102018,2026-09-27 22:18:29.000000 UTC,damaging,1377255568,1006.2,https://en.wikipedia.org/w/index.php?diff=1377102018,https://en.wikipedia.org/w/index.php?diff=1377255568,https://en.wikipedia.org/w/index.php?title=IC_1101&action=history,,
21,damaging,enwiki,South_Korea_national_football_team,1377235848,2026-09-28 12:35:50.000000 UTC,damaging,1377235993,1.5,https://en.wikipedia.org/w/index.php?diff=1377235848,https://en.wikipedia.org/w/index.php?diff=1377235993,https://en.wikipedia.org/w/index.php?title=South_Korea_national_football_team&action=history,,
22,damaging,enwiki,Light_skin,1377270077,2026-09-28 16:44:31.000000 UTC,damaging,1377271424,9.1,https://en.wikipedia.org/w/index.php?diff=1377270077,https://en.wikipedia.org/w/index.php?diff=1377271424,https://en.wikipedia.org/w/index.php?title=Light_skin&action=history,,
23,damaging,enwiki,Lugduname,1377358028,2026-09-29 02:08:46.000000 UTC,damaging,1377358134,0.4,https://en.wikipedia.org/w/index.php?diff=1377358028,https://en.wikipedia.org/w/index.php?diff=1377358134,https://en.wikipedia.org/w/index.php?title=Lugduname&action=history,,
24,damaging,enwiki,Sophie_(musician),1377367017,2026-09-29 02:47:21.000000 UTC,damaging,1377387362,93.2,https://en.wikipedia.org/w/index.php?diff=1377367017,https://en.wikipedia.org/w/index.php?diff=1377387362,https://en.wikipedia.org/w/index.php?title=Sophie_%28musician%29&action=history,,
25,damaging,enwiki,Student_List,1377420423,2026-09-29 08:14:55.000000 UTC,damaging,1377483017,508.1,https://en.wikipedia.org/w/index.php?diff=1377420423,https://en.wikipedia.org/w/index.php?diff=1377483017,https://en.wikipedia.org/w/index.php?title=Student_List&action=history,,
26,damaging,enwiki,Murder_of_Marion_Crofts,1377451834,2026-09-29 13:07:16.000000 UTC,damaging,1377473662,154.0,https://en.wikipedia.org/w/index.php?diff=1377451834,https://en.wikipedia.org/w/index.php?diff=1377473662,https://en.wikipedia.org/w/index.php?title=Murder_of_Marion_Crofts&action=history,,
27,damaging,enwiki,Dam,1377564146,2026-09-30 00:57:59.000000 UTC,damaging,1377567074,11.4,https://en.wikipedia.org/w/index.php?diff=1377564146,https://en.wikipedia.org/w/index.php?diff=1377567074,https://en.wikipedia.org/w/index.php?title=Dam&action=history,,
28,damaging,enwiki,Superintelligence,1377573939,2026-09-30 01:36:35.000000 UTC,damaging,1377574468,2.5,https://en.wikipedia.org/w/index.php?diff=1377573939,https://en.wikipedia.org/w/index.php?diff=1377574468,https://en.wikipedia.org/w/index.php?title=Superintelligence&action=history,,
29,damaging,enwiki,Rukidi_IV_of_Tooro,1377575962,2026-09-30 01:45:40.000000 UTC,damaging,1377593035,71.0,https://en.wikipedia.org/w/index.php?diff=1377575962,https://en.wikipedia.org/w/index.php?diff=1377593035,https://en.wikipedia.org/w/index.php?title=Rukidi_IV_of_Tooro&action=history,,
30,damaging,enwiki,Zora_Kolínska,1377670546,2026-09-30 13:27:19.000000 UTC,damaging,1377880130,1745.3,https://en.wikipedia.org/w/index.php?diff=1377670546,https://en.wikipedia.org/w/index.php?diff=1377880130,https://en.wikipedia.org/w/index.php?title=Zora_Kol%C3%ADnska&action=history,,
31,damaging,enwiki,Anti-Hindu_sentiment,1377680433,2026-09-30 14:52:37.000000 UTC,damaging,1377682017,14.8,https://en.wikipedia.org/w/index.php?diff=1377680433,https://en.wikipedia.org/w/index.php?diff=1377682017,https://en.wikipedia.org/w/index.php?title=Anti-Hindu_sentiment&action=history,,
32,damaging,enwiki,Uttar_Pradesh_Congress_Committee,1377722892,2026-09-30 20:07:01.000000 UTC,damaging,1377722963,0.4,https://en.wikipedia.org/w/index.php?diff=1377722892,https://en.wikipedia.org/w/index.php?diff=1377722963,https://en.wikipedia.org/w/index.php?title=Uttar_Pradesh_Congress_Committee&action=history,,
33,damaging,enwiki,Hathaways_(novel_series),1377739231,2026-09-30 22:17:47.000000 UTC,damaging,1377846209,925.8,https://en.wikipedia.org/w/index.php?diff=1377739231,https://en.wikipedia.org/w/index.php?diff=1377846209,https://en.wikipedia.org/w/index.php?title=Hathaways_%28novel_series%29&action=history,,
34,damaging,enwiki,Later_Zhou,1377873842,2026-10-01 17:44:59.000000 UTC,damaging,1377873876,0.3,https://en.wikipedia.org/w/index.php?diff=1377873842,https://en.wikipedia.org/w/index.php?diff=1377873876,https://en.wikipedia.org/w/index.php?title=Later_Zhou&action=history,,
35,damaging,enwiki,Rue_Morgue,1377879060,2026-10-01 18:25:14.000000 UTC,damaging,1377889352,73.7,https://en.wikipedia.org/w/index.php?diff=1377879060,https://en.wikipedia.org/w/index.php?diff=1377889352,https://en.wikipedia.org/w/index.php?title=Rue_Morgue&action=history,,
36,multi-edit revert,enwiki,The_Bill_series_25,1376984195,2026-09-27 07:03:08.000000 UTC,damaging,1376998083,183.7,https://en.wikipedia.org/w/index.php?diff=1376984195,https://en.wikipedia.org/w/index.php?diff=1376998083,https://en.wikipedia.org/w/index.php?title=The_Bill_series_25&action=history,,
37,multi-edit revert,enwiki,Piero_Frescobaldi,1377020443,2026-09-27 13:51:15.000000 UTC,damaging,1377039438,156.5,https://en.wikipedia.org/w/index.php?diff=1377020443,https://en.wikipedia.org/w/index.php?diff=1377039438,https://en.wikipedia.org/w/index.php?title=Piero_Frescobaldi&action=history,,
38,multi-edit revert,enwiki,Tom_Murray_(filmmaker),1377308766,2026-09-28 20:49:21.000000 UTC,damaging,1377421513,696.8,https://en.wikipedia.org/w/index.php?diff=1377308766,https://en.wikipedia.org/w/index.php?diff=1377421513,https://en.wikipedia.org/w/index.php?title=Tom_Murray_%28filmmaker%29&action=history,,
39,multi-edit revert,enwiki,2006_in_American_television,1377499826,2026-09-29 18:35:59.000000 UTC,damaging,1377514125,96.8,https://en.wikipedia.org/w/index.php?diff=1377499826,https://en.wikipedia.org/w/index.php?diff=1377514125,https://en.wikipedia.org/w/index.php?title=2006_in_American_television&action=history,,
40,multi-edit revert,enwiki,2026–27_North_Dakota_State_Bison_women's_basketball_team,1377509808,2026-09-29 19:43:54.000000 UTC,damaging,1377704296,1336.5,https://en.wikipedia.org/w/index.php?diff=1377509808,https://en.wikipedia.org/w/index.php?diff=1377704296,https://en.wikipedia.org/w/index.php?title=2026%E2%80%9327_North_Dakota_State_Bison_women%27s_basketball_team&action=history,,
41,ok,enwiki,Jovan_Popović_(Baroque_painter),1376812727,2026-09-26 10:33:11.000000 UTC,ok,,,https://en.wikipedia.org/w/index.php?diff=1376812727,,https://en.wikipedia.org/w/index.php?title=Jovan_Popovi%C4%87_%28Baroque_painter%29&action=history,,
42,ok,enwiki,Siedove,1376860618,2026-09-26 17:27:33.000000 UTC,ok,,,https://en.wikipedia.org/w/index.php?diff=1376860618,,https://en.wikipedia.org/w/index.php?title=Siedove&action=history,,
43,ok,enwiki,Deaths_in_1978,1377046823,2026-09-27 17:15:20.000000 UTC,ok,,,https://en.wikipedia.org/w/index.php?diff=1377046823,,https://en.wikipedia.org/w/index.php?title=Deaths_in_1978&action=history,,
44,ok,enwiki,National_Bolshevism,1377291889,2026-09-28 19:03:03.000000 UTC,ok,,,https://en.wikipedia.org/w/index.php?diff=1377291889,,https://en.wikipedia.org/w/index.php?title=National_Bolshevism&action=history,,
45,ok,enwiki,Divithura_(TV_series),1377307911,2026-09-28 20:43:32.000000 UTC,ok,,,https://en.wikipedia.org/w/index.php?diff=1377307911,,https://en.wikipedia.org/w/index.php?title=Divithura_%28TV_series%29&action=history,,
46,ok,enwiki,Laithes,1377455813,2026-09-29 13:38:53.000000 UTC,ok,,,https://en.wikipedia.org/w/index.php?diff=1377455813,,https://en.wikipedia.org/w/index.php?title=Laithes&action=history,,
47,ok,enwiki,Mark_Linett,1377546605,2026-09-29 23:37:22.000000 UTC,ok,,,https://en.wikipedia.org/w/index.php?diff=1377546605,,https://en.wikipedia.org/w/index.php?title=Mark_Linett&action=history,,
48,ok,enwiki,New_York's_4th_congressional_district,1377614470,2026-09-30 04:54:51.000000 UTC,ok,,,https://en.wikipedia.org/w/index.php?diff=1377614470,,https://en.wikipedia.org/w/index.php?title=New_York%27s_4th_congressional_district&action=history,,
49,ok,enwiki,"Corcovado,_Chubut",1377770172,2026-10-01 01:46:09.000000 UTC,ok,,,https://en.wikipedia.org/w/index.php?diff=1377770172,,https://en.wikipedia.org/w/index.php?title=Corcovado%2C_Chubut&action=history,,
50,ok,enwiki,Brainiac_5,1377771867,2026-10-01 01:54:44.000000 UTC,ok,,,https://en.wikipedia.org/w/index.php?diff=1377771867,,https://en.wikipedia.org/w/index.php?title=Brainiac_5&action=history,,
