sample_id,wiki_id,page_title,rev_id,event_time,label,reverting_rev_id,minutes_to_revert,diff_url,reverting_diff_url,history_url,category,note
1,enwiki,Pixiv,1376743059,2026-09-26 00:25:17.000000 UTC,damaging,1376743129,0.5,https://en.wikipedia.org/w/index.php?diff=1376743059,https://en.wikipedia.org/w/index.php?diff=1376743129,https://en.wikipedia.org/w/index.php?title=Pixiv&action=history,vandalism,unexplained deletion of controversies
2,enwiki,Second_Punic_War,1376746888,2026-09-26 00:53:38.000000 UTC,damaging,1376755463,65.0,https://en.wikipedia.org/w/index.php?diff=1376746888,https://en.wikipedia.org/w/index.php?diff=1376755463,https://en.wikipedia.org/w/index.php?title=Second_Punic_War&action=history,honest mistake,unsourced precise war dates
3,enwiki,Sikhism,1376747012,2026-09-26 00:54:33.000000 UTC,damaging,1376846418,902.1,https://en.wikipedia.org/w/index.php?diff=1376747012,https://en.wikipedia.org/w/index.php?diff=1376846418,https://en.wikipedia.org/w/index.php?title=Sikhism&action=history,content dispute,religion classification disputed
4,enwiki,Mario_+_Rabbids_Sparks_of_Hope,1376749515,2026-09-26 01:13:27.000000 UTC,damaging,1376751920,19.0,https://en.wikipedia.org/w/index.php?diff=1376749515,https://en.wikipedia.org/w/index.php?diff=1376751920,https://en.wikipedia.org/w/index.php?title=Mario_%2B_Rabbids_Sparks_of_Hope&action=history,honest mistake,awkward unsourced graphics description
5,enwiki,Tim_Hill_(filmmaker),1376756562,2026-09-26 02:07:16.000000 UTC,damaging,1376913247,1288.6,https://en.wikipedia.org/w/index.php?diff=1376756562,https://en.wikipedia.org/w/index.php?diff=1376913247,https://en.wikipedia.org/w/index.php?title=Tim_Hill_%28filmmaker%29&action=history,honest mistake,category not supported in article
6,enwiki,Zain_Asher,1376765116,2026-09-26 02:57:25.000000 UTC,damaging,1376765311,1.1,https://en.wikipedia.org/w/index.php?diff=1376765116,https://en.wikipedia.org/w/index.php?diff=1376765311,https://en.wikipedia.org/w/index.php?title=Zain_Asher&action=history,honest mistake,unsourced removal of spouse
7,enwiki,Handshake,1376785316,2026-09-26 05:28:04.000000 UTC,damaging,1376785362,0.5,https://en.wikipedia.org/w/index.php?diff=1376785316,https://en.wikipedia.org/w/index.php?diff=1376785362,https://en.wikipedia.org/w/index.php?title=Handshake&action=history,vandalism,lead rewritten and history deleted
8,enwiki,Water-tube_boiler,1376792139,2026-09-26 06:44:16.000000 UTC,damaging,1376792147,0.2,https://en.wikipedia.org/w/index.php?diff=1376792139,https://en.wikipedia.org/w/index.php?diff=1376792147,https://en.wikipedia.org/w/index.php?title=Water-tube_boiler&action=history,vandalism,unrelated cartoon link and blank lines
9,enwiki,Watt,1376792228,2026-09-26 06:45:23.000000 UTC,damaging,1376792243,0.1,https://en.wikipedia.org/w/index.php?diff=1376792228,https://en.wikipedia.org/w/index.php?diff=1376792243,https://en.wikipedia.org/w/index.php?title=Watt&action=history,vandalism,unrelated cartoon link and blank lines
10,enwiki,Krka_monastery,1376801106,2026-09-26 08:15:06.000000 UTC,damaging,1376804568,41.0,https://en.wikipedia.org/w/index.php?diff=1376801106,https://en.wikipedia.org/w/index.php?diff=1376804568,https://en.wikipedia.org/w/index.php?title=Krka_monastery&action=history,content dispute,competing monastery foundation dates
11,enwiki,Christianity,1376813670,2026-09-26 10:44:05.000000 UTC,damaging,1376848709,326.6,https://en.wikipedia.org/w/index.php?diff=1376813670,https://en.wikipedia.org/w/index.php?diff=1376848709,https://en.wikipedia.org/w/index.php?title=Christianity&action=history,content dispute,removed explanatory denomination footnote
12,enwiki,2026_G20_Miami_summit,1376824320,2026-09-26 12:47:37.000000 UTC,damaging,1376824558,2.7,https://en.wikipedia.org/w/index.php?diff=1376824320,https://en.wikipedia.org/w/index.php?diff=1376824558,https://en.wikipedia.org/w/index.php?title=2026_G20_Miami_summit&action=history,fine,reverter apologized for rollback
13,enwiki,Michael_Foster_(drummer),1376825630,2026-09-26 13:03:13.000000 UTC,damaging,1376832962,78.9,https://en.wikipedia.org/w/index.php?diff=1376825630,https://en.wikipedia.org/w/index.php?diff=1376832962,https://en.wikipedia.org/w/index.php?title=Michael_Foster_%28drummer%29&action=history,fine,copyedit; reverted for block evasion
14,enwiki,Beryl,1376827965,2026-09-26 13:31:06.000000 UTC,damaging,1376827981,0.2,https://en.wikipedia.org/w/index.php?diff=1376827965,https://en.wikipedia.org/w/index.php?diff=1376827981,https://en.wikipedia.org/w/index.php?title=Beryl&action=history,honest mistake,replaced precise mineral classification
15,enwiki,Siege_of_Augusta,1376831982,2026-09-26 14:13:24.000000 UTC,damaging,1376906190,500.0,https://en.wikipedia.org/w/index.php?diff=1376831982,https://en.wikipedia.org/w/index.php?diff=1376906190,https://en.wikipedia.org/w/index.php?title=Siege_of_Augusta&action=history,content dispute,flag icons rejected under MOS:MILFLAGS
16,enwiki,Graham_Alexander,1376835389,2026-09-26 14:43:47.000000 UTC,damaging,1377079706,1767.2,https://en.wikipedia.org/w/index.php?diff=1376835389,https://en.wikipedia.org/w/index.php?diff=1377079706,https://en.wikipedia.org/w/index.php?title=Graham_Alexander&action=history,vandalism,invented year 1654 and nationality
17,enwiki,Ijahman_Levi,1376839208,2026-09-26 15:14:31.000000 UTC,damaging,1376858631,121.3,https://en.wikipedia.org/w/index.php?diff=1376839208,https://en.wikipedia.org/w/index.php?diff=1376858631,https://en.wikipedia.org/w/index.php?title=Ijahman_Levi&action=history,fine,bot dated maintenance tags
18,enwiki,Shotacon,1376846454,2026-09-26 15:56:53.000000 UTC,damaging,1376849576,19.3,https://en.wikipedia.org/w/index.php?diff=1376846454,https://en.wikipedia.org/w/index.php?diff=1376849576,https://en.wikipedia.org/w/index.php?title=Shotacon&action=history,content dispute,disputed infobox classification
19,enwiki,List_of_Nobel_Peace_Prize_laureates,1376861392,2026-09-26 17:31:39.000000 UTC,damaging,1376930639,477.6,https://en.wikipedia.org/w/index.php?diff=1376861392,https://en.wikipedia.org/w/index.php?diff=1376930639,https://en.wikipedia.org/w/index.php?title=List_of_Nobel_Peace_Prize_laureates&action=history,honest mistake,extra opening bracket breaks link
20,enwiki,Stefanie_Scott,1376888144,2026-09-26 20:11:28.000000 UTC,damaging,1376892801,35.3,https://en.wikipedia.org/w/index.php?diff=1376888144,https://en.wikipedia.org/w/index.php?diff=1376892801,https://en.wikipedia.org/w/index.php?title=Stefanie_Scott&action=history,honest mistake,wrong film role and broken link
21,enwiki,Mt._Lebanon_High_School,1376891149,2026-09-26 20:33:40.000000 UTC,damaging,1377294289,2804.5,https://en.wikipedia.org/w/index.php?diff=1376891149,https://en.wikipedia.org/w/index.php?diff=1377294289,https://en.wikipedia.org/w/index.php?title=Mt._Lebanon_High_School&action=history,fine,trailing whitespace only
22,enwiki,Elizabeth_Morgan_(actress),1376902263,2026-09-26 21:58:20.000000 UTC,damaging,1376905352,27.1,https://en.wikipedia.org/w/index.php?diff=1376902263,https://en.wikipedia.org/w/index.php?diff=1376905352,https://en.wikipedia.org/w/index.php?title=Elizabeth_Morgan_%28actress%29&action=history,content dispute,primary versus secondary source policy
23,enwiki,Barbara_Kurdej-Szatan,1376905600,2026-09-26 22:27:46.000000 UTC,damaging,1376905630,0.3,https://en.wikipedia.org/w/index.php?diff=1376905600,https://en.wikipedia.org/w/index.php?diff=1376905630,https://en.wikipedia.org/w/index.php?title=Barbara_Kurdej-Szatan&action=history,vandalism,malformed lead and sections deleted
24,enwiki,"Belleville,_Ontario",1376908934,2026-09-26 22:57:09.000000 UTC,damaging,1376909912,8.5,https://en.wikipedia.org/w/index.php?diff=1376908934,https://en.wikipedia.org/w/index.php?diff=1376909912,https://en.wikipedia.org/w/index.php?title=Belleville%2C_Ontario&action=history,honest mistake,awkward geographic wording
25,enwiki,C.D._Fuerte_Aguilares,1376909330,2026-09-26 23:00:34.000000 UTC,damaging,1376909524,1.8,https://en.wikipedia.org/w/index.php?diff=1376909330,https://en.wikipedia.org/w/index.php?diff=1376909524,https://en.wikipedia.org/w/index.php?title=C.D._Fuerte_Aguilares&action=history,honest mistake,attempted spelling fix in poor sentence
26,enwiki,"Çardak,_Kahta",1376909768,2026-09-26 23:04:35.000000 UTC,damaging,1377072521,1228.8,https://en.wikipedia.org/w/index.php?diff=1376909768,https://en.wikipedia.org/w/index.php?diff=1377072521,https://en.wikipedia.org/w/index.php?title=%C3%87ardak%2C_Kahta&action=history,fine,removed whitespace clearing template
27,enwiki,Homecoming,1376910024,2026-09-26 23:06:35.000000 UTC,damaging,1376910080,0.5,https://en.wikipedia.org/w/index.php?diff=1376910024,https://en.wikipedia.org/w/index.php?diff=1376910080,https://en.wikipedia.org/w/index.php?title=Homecoming&action=history,vandalism,nonsense heading and word substitution
28,enwiki,Nick_Jr._(UK_&_Ireland),1376910230,2026-09-26 23:08:16.000000 UTC,damaging,1376910341,1.0,https://en.wikipedia.org/w/index.php?diff=1376910230,https://en.wikipedia.org/w/index.php?diff=1376910341,https://en.wikipedia.org/w/index.php?title=Nick_Jr._%28UK_%26_Ireland%29&action=history,vandalism,nonsense inserted into organization link
29,enwiki,Coral_Glades_High_School,1376928236,2026-09-27 01:15:18.000000 UTC,damaging,1376928268,0.3,https://en.wikipedia.org/w/index.php?diff=1376928236,https://en.wikipedia.org/w/index.php?diff=1376928268,https://en.wikipedia.org/w/index.php?title=Coral_Glades_High_School&action=history,vandalism,racist insults
30,enwiki,List_of_WWE_Intercontinental_Champions,1376935690,2026-09-27 01:53:55.000000 UTC,damaging,1376997226,479.5,https://en.wikipedia.org/w/index.php?diff=1376935690,https://en.wikipedia.org/w/index.php?diff=1376997226,https://en.wikipedia.org/w/index.php?title=List_of_WWE_Intercontinental_Champions&action=history,content dispute,disputed championship naming period
31,enwiki,Paula_DeAnda,1376942315,2026-09-27 02:26:05.000000 UTC,damaging,1377256284,2203.5,https://en.wikipedia.org/w/index.php?diff=1376942315,https://en.wikipedia.org/w/index.php?diff=1377256284,https://en.wikipedia.org/w/index.php?title=Paula_DeAnda&action=history,fine,spacing correction
32,enwiki,Paula_DeAnda,1376942761,2026-09-27 02:28:30.000000 UTC,damaging,1377256284,2201.0,https://en.wikipedia.org/w/index.php?diff=1376942761,https://en.wikipedia.org/w/index.php?diff=1377256284,https://en.wikipedia.org/w/index.php?title=Paula_DeAnda&action=history,fine,shortened link to same singer
33,enwiki,Raoni_Barcelos,1376952826,2026-09-27 03:21:14.000000 UTC,damaging,1376960419,39.4,https://en.wikipedia.org/w/index.php?diff=1376952826,https://en.wikipedia.org/w/index.php?diff=1376960419,https://en.wikipedia.org/w/index.php?title=Raoni_Barcelos&action=history,fine,removed unsupported death claim
34,enwiki,Raoni_Barcelos,1376956238,2026-09-27 03:39:53.000000 UTC,damaging,1376960419,20.8,https://en.wikipedia.org/w/index.php?diff=1376956238,https://en.wikipedia.org/w/index.php?diff=1376960419,https://en.wikipedia.org/w/index.php?title=Raoni_Barcelos&action=history,vandalism,birth year changed to 1870
35,enwiki,Raul_Rosas_Jr.,1376957286,2026-09-27 03:44:51.000000 UTC,damaging,1376958329,5.2,https://en.wikipedia.org/w/index.php?diff=1376957286,https://en.wikipedia.org/w/index.php?diff=1376958329,https://en.wikipedia.org/w/index.php?title=Raul_Rosas_Jr.&action=history,vandalism,invented insulting name
36,enwiki,Raul_Rosas_Jr.,1376957981,2026-09-27 03:48:12.000000 UTC,damaging,1376958329,1.8,https://en.wikipedia.org/w/index.php?diff=1376957981,https://en.wikipedia.org/w/index.php?diff=1376958329,https://en.wikipedia.org/w/index.php?title=Raul_Rosas_Jr.&action=history,vandalism,insult replaces name
37,enwiki,Milly_Shapiro,1376959402,2026-09-27 03:55:12.000000 UTC,damaging,1376959735,1.6,https://en.wikipedia.org/w/index.php?diff=1376959402,https://en.wikipedia.org/w/index.php?diff=1376959735,https://en.wikipedia.org/w/index.php?title=Milly_Shapiro&action=history,honest mistake,religion inferred from surname
38,enwiki,Anil_Kapoor,1376959525,2026-09-27 03:55:48.000000 UTC,damaging,1376973865,87.5,https://en.wikipedia.org/w/index.php?diff=1376959525,https://en.wikipedia.org/w/index.php?diff=1376973865,https://en.wikipedia.org/w/index.php?title=Anil_Kapoor&action=history,honest mistake,unsourced birthday correction
39,enwiki,Hall_XFH,1376959983,2026-09-27 03:57:58.000000 UTC,damaging,1376962324,14.0,https://en.wikipedia.org/w/index.php?diff=1376959983,https://en.wikipedia.org/w/index.php?diff=1376962324,https://en.wikipedia.org/w/index.php?title=Hall_XFH&action=history,fine,removed longstanding red link
40,enwiki,Raoni_Barcelos,1376964334,2026-09-27 04:23:00.000000 UTC,damaging,1376964371,0.2,https://en.wikipedia.org/w/index.php?diff=1376964334,https://en.wikipedia.org/w/index.php?diff=1376964371,https://en.wikipedia.org/w/index.php?title=Raoni_Barcelos&action=history,vandalism,fabricated death in ring
41,enwiki,Clifton_Fadiman,1376968934,2026-09-27 04:49:42.000000 UTC,damaging,1376973121,26.7,https://en.wikipedia.org/w/index.php?diff=1376968934,https://en.wikipedia.org/w/index.php?diff=1376973121,https://en.wikipedia.org/w/index.php?title=Clifton_Fadiman&action=history,content dispute,disputed nationality description
42,enwiki,Yellow_pages,1376971783,2026-09-27 05:07:31.000000 UTC,damaging,1377009957,417.5,https://en.wikipedia.org/w/index.php?diff=1376971783,https://en.wikipedia.org/w/index.php?diff=1377009957,https://en.wikipedia.org/w/index.php?title=Yellow_pages&action=history,honest mistake,added citations; AI concern in revert
43,enwiki,Hanako_Takigawa,1376974674,2026-09-27 05:31:02.000000 UTC,damaging,1376974697,0.2,https://en.wikipedia.org/w/index.php?diff=1376974674,https://en.wikipedia.org/w/index.php?diff=1376974697,https://en.wikipedia.org/w/index.php?title=Hanako_Takigawa&action=history,vandalism,biography deleted; naked inserted
44,enwiki,Park_Bom,1376981847,2026-09-27 06:30:32.000000 UTC,damaging,1376991076,116.3,https://en.wikipedia.org/w/index.php?diff=1376981847,https://en.wikipedia.org/w/index.php?diff=1376991076,https://en.wikipedia.org/w/index.php?title=Park_Bom&action=history,honest mistake,copyright image in otherwise useful update
45,enwiki,The_Bill_series_25,1376984195,2026-09-27 07:03:08.000000 UTC,damaging,1376998083,183.7,https://en.wikipedia.org/w/index.php?diff=1376984195,https://en.wikipedia.org/w/index.php?diff=1376998083,https://en.wikipedia.org/w/index.php?title=The_Bill_series_25&action=history,fine,more precise date; unrelated abusive summary
46,enwiki,Progress_Quest,1376985862,2026-09-27 07:13:32.000000 UTC,damaging,1377090834,839.7,https://en.wikipedia.org/w/index.php?diff=1376985862,https://en.wikipedia.org/w/index.php?diff=1377090834,https://en.wikipedia.org/w/index.php?title=Progress_Quest&action=history,honest mistake,user-generated sources considered unreliable
47,enwiki,Ranulph_Fiennes,1376987544,2026-09-27 07:36:31.000000 UTC,damaging,1376992680,72.8,https://en.wikipedia.org/w/index.php?diff=1376987544,https://en.wikipedia.org/w/index.php?diff=1376992680,https://en.wikipedia.org/w/index.php?title=Ranulph_Fiennes&action=history,content dispute,whether children includes stepson
48,enwiki,Las_Vegas_Strip_Circuit,1376988497,2026-09-27 07:51:22.000000 UTC,damaging,1376988769,4.4,https://en.wikipedia.org/w/index.php?diff=1376988497,https://en.wikipedia.org/w/index.php?diff=1376988769,https://en.wikipedia.org/w/index.php?title=Las_Vegas_Strip_Circuit&action=history,honest mistake,unsourced podcast petition
49,enwiki,Lisbon_Airport,1376995309,2026-09-27 09:25:21.000000 UTC,damaging,1376999460,60.5,https://en.wikipedia.org/w/index.php?diff=1376995309,https://en.wikipedia.org/w/index.php?diff=1376999460,https://en.wikipedia.org/w/index.php?title=Lisbon_Airport&action=history,honest mistake,unsourced future airline route
50,enwiki,Saladin,1376999215,2026-09-27 10:22:53.000000 UTC,damaging,1377002109,31.1,https://en.wikipedia.org/w/index.php?diff=1376999215,https://en.wikipedia.org/w/index.php?diff=1377002109,https://en.wikipedia.org/w/index.php?title=Saladin&action=history,content dispute,source reliability and ancestry wording
51,enwiki,Mehr_Dil_Khan,1377004142,2026-09-27 11:13:33.000000 UTC,damaging,1377004444,2.3,https://en.wikipedia.org/w/index.php?diff=1377004142,https://en.wikipedia.org/w/index.php?diff=1377004444,https://en.wikipedia.org/w/index.php?title=Mehr_Dil_Khan&action=history,honest mistake,unsourced genealogy added
52,enwiki,Nabadwip_Dham_railway_station,1377011530,2026-09-27 12:20:35.000000 UTC,damaging,1377277778,1755.6,https://en.wikipedia.org/w/index.php?diff=1377011530,https://en.wikipedia.org/w/index.php?diff=1377277778,https://en.wikipedia.org/w/index.php?title=Nabadwip_Dham_railway_station&action=history,honest mistake,changed structure type and broke template name
53,enwiki,Battle_of_Cape_Spartivento,1377019080,2026-09-27 13:37:44.000000 UTC,damaging,1377030511,104.3,https://en.wikipedia.org/w/index.php?diff=1377019080,https://en.wikipedia.org/w/index.php?diff=1377030511,https://en.wikipedia.org/w/index.php?title=Battle_of_Cape_Spartivento&action=history,content dispute,removed duplication and reorganized order of battle
54,enwiki,Piero_Frescobaldi,1377020443,2026-09-27 13:51:15.000000 UTC,damaging,1377039438,156.5,https://en.wikipedia.org/w/index.php?diff=1377020443,https://en.wikipedia.org/w/index.php?diff=1377039438,https://en.wikipedia.org/w/index.php?title=Piero_Frescobaldi&action=history,,unverifiable: page deleted; revision unavailable
55,enwiki,"List_of_county_routes_in_Burlington_County,_New_Jersey",1377023018,2026-09-27 14:14:58.000000 UTC,damaging,1377230009,1290.1,https://en.wikipedia.org/w/index.php?diff=1377023018,https://en.wikipedia.org/w/index.php?diff=1377230009,https://en.wikipedia.org/w/index.php?title=List_of_county_routes_in_Burlington_County%2C_New_Jersey&action=history,fine,fixed New Jersey link typo
56,enwiki,Diarmuid_O'Connor_(Mayo_Gaelic_footballer),1377032664,2026-09-27 15:39:36.000000 UTC,damaging,1377032858,1.6,https://en.wikipedia.org/w/index.php?diff=1377032664,https://en.wikipedia.org/w/index.php?diff=1377032858,https://en.wikipedia.org/w/index.php?title=Diarmuid_O%27Connor_%28Mayo_Gaelic_footballer%29&action=history,fine,accent correction and clearer heading
57,enwiki,Florencia_Martin,1377036925,2026-09-27 16:09:59.000000 UTC,damaging,1377039627,19.0,https://en.wikipedia.org/w/index.php?diff=1377036925,https://en.wikipedia.org/w/index.php?diff=1377039627,https://en.wikipedia.org/w/index.php?title=Florencia_Martin&action=history,honest mistake,unsourced additional nationality
58,enwiki,2000_in_British_television,1377039840,2026-09-27 16:30:21.000000 UTC,damaging,1377040756,5.6,https://en.wikipedia.org/w/index.php?diff=1377039840,https://en.wikipedia.org/w/index.php?diff=1377040756,https://en.wikipedia.org/w/index.php?title=2000_in_British_television&action=history,honest mistake,unsourced incorrect program end date
59,enwiki,Bertin_Ebwellé,1377045674,2026-09-27 17:06:42.000000 UTC,damaging,1377046424,5.5,https://en.wikipedia.org/w/index.php?diff=1377045674,https://en.wikipedia.org/w/index.php?diff=1377046424,https://en.wikipedia.org/w/index.php?title=Bertin_Ebwell%C3%A9&action=history,honest mistake,unsourced club added
60,enwiki,List_of_awards_and_nominations_received_by_Girl's_Day,1377057099,2026-09-27 18:15:48.000000 UTC,damaging,1377074624,88.3,https://en.wikipedia.org/w/index.php?diff=1377057099,https://en.wikipedia.org/w/index.php?diff=1377074624,https://en.wikipedia.org/w/index.php?title=List_of_awards_and_nominations_received_by_Girl%27s_Day&action=history,honest mistake,incorrect award ranking
61,enwiki,List_of_awards_and_nominations_received_by_Girl's_Day,1377057209,2026-09-27 18:16:29.000000 UTC,damaging,1377074624,87.6,https://en.wikipedia.org/w/index.php?diff=1377057209,https://en.wikipedia.org/w/index.php?diff=1377074624,https://en.wikipedia.org/w/index.php?title=List_of_awards_and_nominations_received_by_Girl%27s_Day&action=history,honest mistake,incorrect award ranking
62,enwiki,Jack_White,1377097108,2026-09-27 21:45:50.000000 UTC,damaging,1377097259,0.9,https://en.wikipedia.org/w/index.php?diff=1377097108,https://en.wikipedia.org/w/index.php?diff=1377097259,https://en.wikipedia.org/w/index.php?title=Jack_White&action=history,vandalism,unsupported medical claim and nonsense
63,enwiki,Opinion_polling_on_the_second_Trump_presidency,1377097779,2026-09-27 21:50:09.000000 UTC,damaging,1377203887,617.8,https://en.wikipedia.org/w/index.php?diff=1377097779,https://en.wikipedia.org/w/index.php?diff=1377203887,https://en.wikipedia.org/w/index.php?title=Opinion_polling_on_the_second_Trump_presidency&action=history,content dispute,polling percentages changed
64,enwiki,IC_1101,1377102018,2026-09-27 22:18:29.000000 UTC,damaging,1377255568,1006.2,https://en.wikipedia.org/w/index.php?diff=1377102018,https://en.wikipedia.org/w/index.php?diff=1377255568,https://en.wikipedia.org/w/index.php?title=IC_1101&action=history,content dispute,competing discovery source and coordinate precision
65,enwiki,Little_T,1377115273,2026-09-27 23:42:01.000000 UTC,damaging,1377127835,69.1,https://en.wikipedia.org/w/index.php?diff=1377115273,https://en.wikipedia.org/w/index.php?diff=1377127835,https://en.wikipedia.org/w/index.php?title=Little_T&action=history,honest mistake,bolded unsourced promotional paragraph
66,enwiki,2026_United_States_Senate_election_in_Wyoming,1377162180,2026-09-28 03:41:17.000000 UTC,damaging,1377301967,984.3,https://en.wikipedia.org/w/index.php?diff=1377162180,https://en.wikipedia.org/w/index.php?diff=1377301967,https://en.wikipedia.org/w/index.php?title=2026_United_States_Senate_election_in_Wyoming&action=history,content dispute,forecast source notability disputed
67,enwiki,Nio_Inc.,1377177329,2026-09-28 05:04:36.000000 UTC,damaging,1377196196,116.7,https://en.wikipedia.org/w/index.php?diff=1377177329,https://en.wikipedia.org/w/index.php?diff=1377196196,https://en.wikipedia.org/w/index.php?title=Nio_Inc.&action=history,fine,added Cantonese romanization
68,enwiki,Shruti_Marathe,1377182813,2026-09-28 05:33:37.000000 UTC,damaging,1377395052,1408.5,https://en.wikipedia.org/w/index.php?diff=1377182813,https://en.wikipedia.org/w/index.php?diff=1377395052,https://en.wikipedia.org/w/index.php?title=Shruti_Marathe&action=history,fine,fixed October spelling
69,enwiki,Jim_Reardon,1377189080,2026-09-28 06:05:02.000000 UTC,damaging,1377279078,700.1,https://en.wikipedia.org/w/index.php?diff=1377189080,https://en.wikipedia.org/w/index.php?diff=1377279078,https://en.wikipedia.org/w/index.php?title=Jim_Reardon&action=history,honest mistake,category unsupported in article
70,enwiki,Idrisid–Mutawakkilite_war,1377201450,2026-09-28 07:44:13.000000 UTC,damaging,1377219361,157.0,https://en.wikipedia.org/w/index.php?diff=1377201450,https://en.wikipedia.org/w/index.php?diff=1377219361,https://en.wikipedia.org/w/index.php?title=Idrisid%E2%80%93Mutawakkilite_war&action=history,content dispute,sourced troop count disputed
71,enwiki,Suzanne_Aubert,1377204306,2026-09-28 08:11:50.000000 UTC,damaging,1377210635,59.0,https://en.wikipedia.org/w/index.php?diff=1377204306,https://en.wikipedia.org/w/index.php?diff=1377210635,https://en.wikipedia.org/w/index.php?title=Suzanne_Aubert&action=history,content dispute,removed sourced cannabis legacy paragraph
72,enwiki,List_of_UK_top-ten_singles_in_2026,1377222685,2026-09-28 10:47:17.000000 UTC,damaging,1377226256,27.1,https://en.wikipedia.org/w/index.php?diff=1377222685,https://en.wikipedia.org/w/index.php?diff=1377226256,https://en.wikipedia.org/w/index.php?title=List_of_UK_top-ten_singles_in_2026&action=history,fine,swapped singer photograph
73,enwiki,Nation's_Library,1377235478,2026-09-28 12:32:47.000000 UTC,damaging,1377235529,0.5,https://en.wikipedia.org/w/index.php?diff=1377235478,https://en.wikipedia.org/w/index.php?diff=1377235529,https://en.wikipedia.org/w/index.php?title=Nation%27s_Library&action=history,fine,blank line only
74,enwiki,South_Korea_national_football_team,1377235848,2026-09-28 12:35:50.000000 UTC,damaging,1377235993,1.5,https://en.wikipedia.org/w/index.php?diff=1377235848,https://en.wikipedia.org/w/index.php?diff=1377235993,https://en.wikipedia.org/w/index.php?title=South_Korea_national_football_team&action=history,honest mistake,incorrect match score
75,enwiki,Sivaji_Ganesan,1377242590,2026-09-28 13:28:14.000000 UTC,damaging,1377250911,65.3,https://en.wikipedia.org/w/index.php?diff=1377242590,https://en.wikipedia.org/w/index.php?diff=1377250911,https://en.wikipedia.org/w/index.php?title=Sivaji_Ganesan&action=history,honest mistake,incorrect death year
76,enwiki,Voting_Rights_Act_of_1965,1377248903,2026-09-28 14:16:44.000000 UTC,damaging,1377248978,0.7,https://en.wikipedia.org/w/index.php?diff=1377248903,https://en.wikipedia.org/w/index.php?diff=1377248978,https://en.wikipedia.org/w/index.php?title=Voting_Rights_Act_of_1965&action=history,vandalism,renamed president and act date
77,enwiki,Jeanson_James_Ancheta,1377269991,2026-09-28 16:43:58.000000 UTC,damaging,1377270025,0.2,https://en.wikipedia.org/w/index.php?diff=1377269991,https://en.wikipedia.org/w/index.php?diff=1377270025,https://en.wikipedia.org/w/index.php?title=Jeanson_James_Ancheta&action=history,vandalism,nonsense replaces biography text
78,enwiki,Sardar_Sarvar_Papanna,1377270033,2026-09-28 16:44:14.000000 UTC,damaging,1377279217,61.7,https://en.wikipedia.org/w/index.php?diff=1377270033,https://en.wikipedia.org/w/index.php?diff=1377279217,https://en.wikipedia.org/w/index.php?title=Sardar_Sarvar_Papanna&action=history,honest mistake,historical claims cite unrelated film source
79,enwiki,Light_skin,1377270077,2026-09-28 16:44:31.000000 UTC,damaging,1377271424,9.1,https://en.wikipedia.org/w/index.php?diff=1377270077,https://en.wikipedia.org/w/index.php?diff=1377271424,https://en.wikipedia.org/w/index.php?title=Light_skin&action=history,content dispute,example photo removed as deceptive
80,enwiki,Tom_Nook,1377273853,2026-09-28 17:08:34.000000 UTC,damaging,1377273890,0.3,https://en.wikipedia.org/w/index.php?diff=1377273853,https://en.wikipedia.org/w/index.php?diff=1377273890,https://en.wikipedia.org/w/index.php?title=Tom_Nook&action=history,vandalism,nonsense lead and name
81,enwiki,Daisy's_Life,1377276773,2026-09-28 17:28:54.000000 UTC,damaging,1377394083,687.9,https://en.wikipedia.org/w/index.php?diff=1377276773,https://en.wikipedia.org/w/index.php?diff=1377394083,https://en.wikipedia.org/w/index.php?title=Daisy%27s_Life&action=history,fine,sourced publication details clarified
82,enwiki,Satyajit_Ray,1377278498,2026-09-28 17:41:03.000000 UTC,damaging,1377279214,4.8,https://en.wikipedia.org/w/index.php?diff=1377278498,https://en.wikipedia.org/w/index.php?diff=1377279214,https://en.wikipedia.org/w/index.php?title=Satyajit_Ray&action=history,vandalism,extensive fabricated biography facts
83,enwiki,Avengers:_Doomsday,1377289270,2026-09-28 18:46:13.000000 UTC,damaging,1377293955,29.9,https://en.wikipedia.org/w/index.php?diff=1377289270,https://en.wikipedia.org/w/index.php?diff=1377293955,https://en.wikipedia.org/w/index.php?title=Avengers%3A_Doomsday&action=history,content dispute,cast removed per directors and talk
84,enwiki,Von_Maur,1377297101,2026-09-28 19:35:48.000000 UTC,damaging,1377303208,37.4,https://en.wikipedia.org/w/index.php?diff=1377297101,https://en.wikipedia.org/w/index.php?diff=1377303208,https://en.wikipedia.org/w/index.php?title=Von_Maur&action=history,fine,replaced bare number with citation text
85,enwiki,Tom_Murray_(filmmaker),1377308766,2026-09-28 20:49:21.000000 UTC,damaging,1377421513,696.8,https://en.wikipedia.org/w/index.php?diff=1377308766,https://en.wikipedia.org/w/index.php?diff=1377421513,https://en.wikipedia.org/w/index.php?title=Tom_Murray_%28filmmaker%29&action=history,fine,expanded sourced review quotation
86,enwiki,Katrine_Lunde,1377319941,2026-09-28 22:12:16.000000 UTC,damaging,1377320316,2.9,https://en.wikipedia.org/w/index.php?diff=1377319941,https://en.wikipedia.org/w/index.php?diff=1377320316,https://en.wikipedia.org/w/index.php?title=Katrine_Lunde&action=history,fine,clarified last championship match
87,enwiki,Rachael_Ray,1377326022,2026-09-28 23:01:49.000000 UTC,damaging,1377326093,0.6,https://en.wikipedia.org/w/index.php?diff=1377326022,https://en.wikipedia.org/w/index.php?diff=1377326093,https://en.wikipedia.org/w/index.php?title=Rachael_Ray&action=history,vandalism,personal aside in short description
88,enwiki,Francesca_Caccini,1377334341,2026-09-29 00:03:03.000000 UTC,damaging,1377334531,0.7,https://en.wikipedia.org/w/index.php?diff=1377334341,https://en.wikipedia.org/w/index.php?diff=1377334531,https://en.wikipedia.org/w/index.php?title=Francesca_Caccini&action=history,honest mistake,redundant parent category
89,enwiki,Zenata,1377351092,2026-09-29 01:37:56.000000 UTC,damaging,1377351310,1.0,https://en.wikipedia.org/w/index.php?diff=1377351092,https://en.wikipedia.org/w/index.php?diff=1377351310,https://en.wikipedia.org/w/index.php?title=Zenata&action=history,content dispute,alternative transliterations
90,enwiki,Volleyball_at_the_2026_Asian_Games_–_Men's_tournament,1377354566,2026-09-29 01:53:42.000000 UTC,damaging,1377357461,13.0,https://en.wikipedia.org/w/index.php?diff=1377354566,https://en.wikipedia.org/w/index.php?diff=1377357461,https://en.wikipedia.org/w/index.php?title=Volleyball_at_the_2026_Asian_Games_%E2%80%93_Men%27s_tournament&action=history,honest mistake,premature unsourced partial score
91,enwiki,Kiana_James,1377355189,2026-09-29 01:56:37.000000 UTC,damaging,1377355244,0.2,https://en.wikipedia.org/w/index.php?diff=1377355189,https://en.wikipedia.org/w/index.php?diff=1377355244,https://en.wikipedia.org/w/index.php?title=Kiana_James&action=history,honest mistake,unsourced personal biography details
92,enwiki,Lugduname,1377358028,2026-09-29 02:08:46.000000 UTC,damaging,1377358134,0.4,https://en.wikipedia.org/w/index.php?diff=1377358028,https://en.wikipedia.org/w/index.php?diff=1377358134,https://en.wikipedia.org/w/index.php?title=Lugduname&action=history,honest mistake,unencyclopedic wording
93,enwiki,Sophie_(musician),1377367017,2026-09-29 02:47:21.000000 UTC,damaging,1377387362,93.2,https://en.wikipedia.org/w/index.php?diff=1377367017,https://en.wikipedia.org/w/index.php?diff=1377387362,https://en.wikipedia.org/w/index.php?title=Sophie_%28musician%29&action=history,honest mistake,placeholder birth date template
94,enwiki,Maxime_Bouttier,1377378038,2026-09-29 03:34:55.000000 UTC,damaging,1377596729,1420.8,https://en.wikipedia.org/w/index.php?diff=1377378038,https://en.wikipedia.org/w/index.php?diff=1377596729,https://en.wikipedia.org/w/index.php?title=Maxime_Bouttier&action=history,honest mistake,stray table delimiter
95,enwiki,Pavlova,1377397022,2026-09-29 05:13:23.000000 UTC,damaging,1377397674,3.6,https://en.wikipedia.org/w/index.php?diff=1377397022,https://en.wikipedia.org/w/index.php?diff=1377397674,https://en.wikipedia.org/w/index.php?title=Pavlova&action=history,content dispute,disputed dessert national origin
96,enwiki,Student_List,1377420423,2026-09-29 08:14:55.000000 UTC,damaging,1377483017,508.1,https://en.wikipedia.org/w/index.php?diff=1377420423,https://en.wikipedia.org/w/index.php?diff=1377483017,https://en.wikipedia.org/w/index.php?title=Student_List&action=history,content dispute,unsourced pro-European classification
97,enwiki,College_and_university_rankings,1377424504,2026-09-29 08:58:13.000000 UTC,damaging,1377443142,171.2,https://en.wikipedia.org/w/index.php?diff=1377424504,https://en.wikipedia.org/w/index.php?diff=1377443142,https://en.wikipedia.org/w/index.php?title=College_and_university_rankings&action=history,honest mistake,wrong preposition
98,enwiki,Terra_Nova_Expedition,1377435012,2026-09-29 10:38:28.000000 UTC,damaging,1377538142,730.3,https://en.wikipedia.org/w/index.php?diff=1377435012,https://en.wikipedia.org/w/index.php?diff=1377538142,https://en.wikipedia.org/w/index.php?title=Terra_Nova_Expedition&action=history,fine,whitespace only
99,enwiki,CD_Robres,1377449246,2026-09-29 12:46:44.000000 UTC,damaging,1377559709,709.9,https://en.wikipedia.org/w/index.php?diff=1377449246,https://en.wikipedia.org/w/index.php?diff=1377559709,https://en.wikipedia.org/w/index.php?title=CD_Robres&action=history,honest mistake,external URL breaks infobox image
100,enwiki,Helena_Paparizou_discography,1377451259,2026-09-29 13:03:04.000000 UTC,damaging,1377670703,1465.8,https://en.wikipedia.org/w/index.php?diff=1377451259,https://en.wikipedia.org/w/index.php?diff=1377670703,https://en.wikipedia.org/w/index.php?title=Helena_Paparizou_discography&action=history,honest mistake,unsourced discography totals
101,enwiki,Murder_of_Marion_Crofts,1377451834,2026-09-29 13:07:16.000000 UTC,damaging,1377473662,154.0,https://en.wikipedia.org/w/index.php?diff=1377451834,https://en.wikipedia.org/w/index.php?diff=1377473662,https://en.wikipedia.org/w/index.php?title=Murder_of_Marion_Crofts&action=history,honest mistake,accidental mid-paragraph deletion
102,enwiki,Now_Production,1377454663,2026-09-29 13:29:57.000000 UTC,damaging,1377522219,452.1,https://en.wikipedia.org/w/index.php?diff=1377454663,https://en.wikipedia.org/w/index.php?diff=1377522219,https://en.wikipedia.org/w/index.php?title=Now_Production&action=history,honest mistake,unsourced expansion and misplaced lead
103,enwiki,Phoenix_Contact,1377461422,2026-09-29 14:20:42.000000 UTC,damaging,1377461700,1.8,https://en.wikipedia.org/w/index.php?diff=1377461422,https://en.wikipedia.org/w/index.php?diff=1377461700,https://en.wikipedia.org/w/index.php?title=Phoenix_Contact&action=history,vandalism,self-promotional nonsense
104,enwiki,Davy_Arnaud,1377472948,2026-09-29 15:36:09.000000 UTC,damaging,1377473164,1.6,https://en.wikipedia.org/w/index.php?diff=1377472948,https://en.wikipedia.org/w/index.php?diff=1377473164,https://en.wikipedia.org/w/index.php?title=Davy_Arnaud&action=history,vandalism,college replaced with unrelated Vietnamese school
105,enwiki,Legal_financing,1377481115,2026-09-29 16:31:02.000000 UTC,damaging,1377481378,1.6,https://en.wikipedia.org/w/index.php?diff=1377481115,https://en.wikipedia.org/w/index.php?diff=1377481378,https://en.wikipedia.org/w/index.php?title=Legal_financing&action=history,fine,relevant see-also link
106,enwiki,List_of_biggest-selling_British_music_artists,1377482377,2026-09-29 16:38:50.000000 UTC,damaging,1377482460,0.6,https://en.wikipedia.org/w/index.php?diff=1377482377,https://en.wikipedia.org/w/index.php?diff=1377482460,https://en.wikipedia.org/w/index.php?title=List_of_biggest-selling_British_music_artists&action=history,content dispute,genre changed to Britpop
107,enwiki,List_of_biggest-selling_British_music_artists,1377482824,2026-09-29 16:41:46.000000 UTC,damaging,1377482877,0.3,https://en.wikipedia.org/w/index.php?diff=1377482824,https://en.wikipedia.org/w/index.php?diff=1377482877,https://en.wikipedia.org/w/index.php?title=List_of_biggest-selling_British_music_artists&action=history,vandalism,Oasis replaces Beatles with fabricated sales
108,enwiki,2006_in_American_television,1377499826,2026-09-29 18:35:59.000000 UTC,damaging,1377514125,96.8,https://en.wikipedia.org/w/index.php?diff=1377499826,https://en.wikipedia.org/w/index.php?diff=1377514125,https://en.wikipedia.org/w/index.php?title=2006_in_American_television&action=history,honest mistake,unsourced television end-date change
109,enwiki,Family_Jr.,1377504484,2026-09-29 19:09:22.000000 UTC,damaging,1377505045,3.9,https://en.wikipedia.org/w/index.php?diff=1377504484,https://en.wikipedia.org/w/index.php?diff=1377505045,https://en.wikipedia.org/w/index.php?title=Family_Jr.&action=history,honest mistake,malformed program entry
110,enwiki,2026–27_North_Dakota_State_Bison_women's_basketball_team,1377509808,2026-09-29 19:43:54.000000 UTC,damaging,1377704296,1336.5,https://en.wikipedia.org/w/index.php?diff=1377509808,https://en.wikipedia.org/w/index.php?diff=1377704296,https://en.wikipedia.org/w/index.php?title=2026%E2%80%9327_North_Dakota_State_Bison_women%27s_basketball_team&action=history,fine,explicit correct city link target
111,enwiki,Emirates_Flight_521,1377522912,2026-09-29 21:06:15.000000 UTC,damaging,1377523290,2.5,https://en.wikipedia.org/w/index.php?diff=1377522912,https://en.wikipedia.org/w/index.php?diff=1377523290,https://en.wikipedia.org/w/index.php?title=Emirates_Flight_521&action=history,honest mistake,redundant ever in history wording
112,enwiki,Dam,1377564146,2026-09-30 00:57:59.000000 UTC,damaging,1377567074,11.4,https://en.wikipedia.org/w/index.php?diff=1377564146,https://en.wikipedia.org/w/index.php?diff=1377567074,https://en.wikipedia.org/w/index.php?title=Dam&action=history,content dispute,BC AD versus BCE CE style
113,enwiki,Superintelligence,1377573939,2026-09-30 01:36:35.000000 UTC,damaging,1377574468,2.5,https://en.wikipedia.org/w/index.php?diff=1377573939,https://en.wikipedia.org/w/index.php?diff=1377574468,https://en.wikipedia.org/w/index.php?title=Superintelligence&action=history,honest mistake,unneeded unsourced hatnote
114,enwiki,Rukidi_IV_of_Tooro,1377575962,2026-09-30 01:45:40.000000 UTC,damaging,1377593035,71.0,https://en.wikipedia.org/w/index.php?diff=1377575962,https://en.wikipedia.org/w/index.php?diff=1377593035,https://en.wikipedia.org/w/index.php?title=Rukidi_IV_of_Tooro&action=history,vandalism,insulting invented child name
115,enwiki,List_of_Disney_Television_Animation_productions,1377594453,2026-09-30 03:03:48.000000 UTC,damaging,1377678329,690.9,https://en.wikipedia.org/w/index.php?diff=1377594453,https://en.wikipedia.org/w/index.php?diff=1377678329,https://en.wikipedia.org/w/index.php?title=List_of_Disney_Television_Animation_productions&action=history,content dispute,television table structure and upcoming dates
116,enwiki,Azhvanchery_Thamprakkal,1377601307,2026-09-30 03:39:19.000000 UTC,damaging,1377601366,0.3,https://en.wikipedia.org/w/index.php?diff=1377601307,https://en.wikipedia.org/w/index.php?diff=1377601366,https://en.wikipedia.org/w/index.php?title=Azhvanchery_Thamprakkal&action=history,vandalism,incoherent personal insertion
117,enwiki,Sentosa,1377615447,2026-09-30 05:03:50.000000 UTC,damaging,1377615974,4.8,https://en.wikipedia.org/w/index.php?diff=1377615447,https://en.wikipedia.org/w/index.php?diff=1377615974,https://en.wikipedia.org/w/index.php?title=Sentosa&action=history,vandalism,unrelated harbour name
118,enwiki,Friday_Night_Dinner,1377629442,2026-09-30 07:03:03.000000 UTC,damaging,1377892055,2218.1,https://en.wikipedia.org/w/index.php?diff=1377629442,https://en.wikipedia.org/w/index.php?diff=1377892055,https://en.wikipedia.org/w/index.php?title=Friday_Night_Dinner&action=history,honest mistake,promotional lead and broken sentence
119,enwiki,Special_Agent_Oso_season_2,1377652491,2026-09-30 10:30:28.000000 UTC,damaging,1377669604,169.2,https://en.wikipedia.org/w/index.php?diff=1377652491,https://en.wikipedia.org/w/index.php?diff=1377669604,https://en.wikipedia.org/w/index.php?title=Special_Agent_Oso_season_2&action=history,fine,removed redundant candle link
120,enwiki,Republican_Party_(United_States),1377662759,2026-09-30 12:18:24.000000 UTC,damaging,1377669145,56.8,https://en.wikipedia.org/w/index.php?diff=1377662759,https://en.wikipedia.org/w/index.php?diff=1377669145,https://en.wikipedia.org/w/index.php?title=Republican_Party_%28United_States%29&action=history,content dispute,centre-right political classification
121,enwiki,The_Vvaan:_Force_of_the_Forrest,1377667605,2026-09-30 12:59:31.000000 UTC,damaging,1377667722,1.0,https://en.wikipedia.org/w/index.php?diff=1377667605,https://en.wikipedia.org/w/index.php?diff=1377667722,https://en.wikipedia.org/w/index.php?title=The_Vvaan%3A_Force_of_the_Forrest&action=history,content dispute,removed success claim as fake news
122,enwiki,Arabic_music,1377668353,2026-09-30 13:07:22.000000 UTC,damaging,1377668393,0.4,https://en.wikipedia.org/w/index.php?diff=1377668353,https://en.wikipedia.org/w/index.php?diff=1377668393,https://en.wikipedia.org/w/index.php?title=Arabic_music&action=history,vandalism,lyrics pasted into lead and description
123,enwiki,Zora_Kolínska,1377670546,2026-09-30 13:27:19.000000 UTC,damaging,1377880130,1745.3,https://en.wikipedia.org/w/index.php?diff=1377670546,https://en.wikipedia.org/w/index.php?diff=1377880130,https://en.wikipedia.org/w/index.php?title=Zora_Kol%C3%ADnska&action=history,honest mistake,unsourced birth month; age template on deceased
124,enwiki,Four_sights,1377671153,2026-09-30 13:30:59.000000 UTC,damaging,1377677577,57.4,https://en.wikipedia.org/w/index.php?diff=1377671153,https://en.wikipedia.org/w/index.php?diff=1377677577,https://en.wikipedia.org/w/index.php?title=Four_sights&action=history,honest mistake,truncated caste spelling
125,enwiki,Anti-Hindu_sentiment,1377680433,2026-09-30 14:52:37.000000 UTC,damaging,1377682017,14.8,https://en.wikipedia.org/w/index.php?diff=1377680433,https://en.wikipedia.org/w/index.php?diff=1377682017,https://en.wikipedia.org/w/index.php?title=Anti-Hindu_sentiment&action=history,content dispute,removed criticism as poorly sourced POV
126,enwiki,2028_FIFA_U-20_Women's_World_Cup,1377686617,2026-09-30 15:45:14.000000 UTC,damaging,1377702873,122.0,https://en.wikipedia.org/w/index.php?diff=1377686617,https://en.wikipedia.org/w/index.php?diff=1377702873,https://en.wikipedia.org/w/index.php?title=2028_FIFA_U-20_Women%27s_World_Cup&action=history,honest mistake,unsourced future host and dates
127,enwiki,History_of_the_Chicago_White_Sox,1377686853,2026-09-30 15:47:33.000000 UTC,damaging,1377686885,0.4,https://en.wikipedia.org/w/index.php?diff=1377686853,https://en.wikipedia.org/w/index.php?diff=1377686885,https://en.wikipedia.org/w/index.php?title=History_of_the_Chicago_White_Sox&action=history,honest mistake,accidental sentence deletion
128,enwiki,LSWR_T9_class,1377695143,2026-09-30 16:55:11.000000 UTC,damaging,1377695198,0.4,https://en.wikipedia.org/w/index.php?diff=1377695143,https://en.wikipedia.org/w/index.php?diff=1377695198,https://en.wikipedia.org/w/index.php?title=LSWR_T9_class&action=history,honest mistake,whole sentence made a heading
129,enwiki,Machine_translation,1377697390,2026-09-30 17:12:07.000000 UTC,damaging,1377702692,33.4,https://en.wikipedia.org/w/index.php?diff=1377697390,https://en.wikipedia.org/w/index.php?diff=1377702692,https://en.wikipedia.org/w/index.php?title=Machine_translation&action=history,honest mistake,promotional vendor source; empty tag retained
130,enwiki,Minister_for_Women_and_Equalities,1377699169,2026-09-30 17:24:50.000000 UTC,damaging,1377863235,1368.5,https://en.wikipedia.org/w/index.php?diff=1377699169,https://en.wikipedia.org/w/index.php?diff=1377863235,https://en.wikipedia.org/w/index.php?title=Minister_for_Women_and_Equalities&action=history,content dispute,disputed table organization and dates
131,enwiki,List_of_Sesame_Workshop_productions,1377701873,2026-09-30 17:38:13.000000 UTC,damaging,1377760300,437.5,https://en.wikipedia.org/w/index.php?diff=1377701873,https://en.wikipedia.org/w/index.php?diff=1377760300,https://en.wikipedia.org/w/index.php?title=List_of_Sesame_Workshop_productions&action=history,vandalism,invented nonsensical upcoming film
132,enwiki,Kafiluddin_Chowdhury,1377707698,2026-09-30 18:26:01.000000 UTC,damaging,1377707957,1.7,https://en.wikipedia.org/w/index.php?diff=1377707698,https://en.wikipedia.org/w/index.php?diff=1377707957,https://en.wikipedia.org/w/index.php?title=Kafiluddin_Chowdhury&action=history,honest mistake,unsourced family additions; reference removed
133,enwiki,Return_of_the_Jedi,1377709326,2026-09-30 18:38:30.000000 UTC,damaging,1377710179,5.6,https://en.wikipedia.org/w/index.php?diff=1377709326,https://en.wikipedia.org/w/index.php?diff=1377710179,https://en.wikipedia.org/w/index.php?title=Return_of_the_Jedi&action=history,content dispute,removed sequels section as out of scope
134,enwiki,Uttar_Pradesh_Congress_Committee,1377722892,2026-09-30 20:07:01.000000 UTC,damaging,1377722963,0.4,https://en.wikipedia.org/w/index.php?diff=1377722892,https://en.wikipedia.org/w/index.php?diff=1377722963,https://en.wikipedia.org/w/index.php?title=Uttar_Pradesh_Congress_Committee&action=history,honest mistake,unsourced party officials
135,enwiki,Proposed_acquisition_of_Warner_Bros._Discovery_by_Paramount_Skydance,1377724535,2026-09-30 20:17:52.000000 UTC,damaging,1377746418,188.6,https://en.wikipedia.org/w/index.php?diff=1377724535,https://en.wikipedia.org/w/index.php?diff=1377746418,https://en.wikipedia.org/w/index.php?title=Proposed_acquisition_of_Warner_Bros._Discovery_by_Paramount_Skydance&action=history,content dispute,sourced update reverted as redundant
136,enwiki,200_Series_Shinkansen,1377725062,2026-09-30 20:21:40.000000 UTC,damaging,1377875513,1297.9,https://en.wikipedia.org/w/index.php?diff=1377725062,https://en.wikipedia.org/w/index.php?diff=1377875513,https://en.wikipedia.org/w/index.php?title=200_Series_Shinkansen&action=history,honest mistake,broken link while removing successor
137,enwiki,Louisiana_State_Capitol,1377725082,2026-09-30 20:21:52.000000 UTC,damaging,1377725140,0.5,https://en.wikipedia.org/w/index.php?diff=1377725082,https://en.wikipedia.org/w/index.php?diff=1377725140,https://en.wikipedia.org/w/index.php?title=Louisiana_State_Capitol&action=history,honest mistake,misspelling and split sentence
138,enwiki,Dragonslayer_(1981_film),1377737860,2026-09-30 22:05:01.000000 UTC,damaging,1377739707,17.6,https://en.wikipedia.org/w/index.php?diff=1377737860,https://en.wikipedia.org/w/index.php?diff=1377739707,https://en.wikipedia.org/w/index.php?title=Dragonslayer_%281981_film%29&action=history,honest mistake,IMDb user-contributed source
139,enwiki,Hathaways_(novel_series),1377739231,2026-09-30 22:17:47.000000 UTC,damaging,1377846209,925.8,https://en.wikipedia.org/w/index.php?diff=1377739231,https://en.wikipedia.org/w/index.php?diff=1377846209,https://en.wikipedia.org/w/index.php?title=Hathaways_%28novel_series%29&action=history,honest mistake,mistook author interview for user review
140,enwiki,Laurel_wreath,1377749172,2026-09-30 23:42:57.000000 UTC,damaging,1377749847,3.8,https://en.wikipedia.org/w/index.php?diff=1377749172,https://en.wikipedia.org/w/index.php?diff=1377749847,https://en.wikipedia.org/w/index.php?title=Laurel_wreath&action=history,honest mistake,awkward unsupported historical origin
141,enwiki,Teletubbies_–_The_Album,1377749871,2026-09-30 23:46:51.000000 UTC,damaging,1377756388,36.4,https://en.wikipedia.org/w/index.php?diff=1377749871,https://en.wikipedia.org/w/index.php?diff=1377756388,https://en.wikipedia.org/w/index.php?title=Teletubbies_%E2%80%93_The_Album&action=history,honest mistake,unsourced track title change
142,enwiki,Trevi_Moran,1377768087,2026-10-01 01:35:21.000000 UTC,damaging,1377768114,0.1,https://en.wikipedia.org/w/index.php?diff=1377768087,https://en.wikipedia.org/w/index.php?diff=1377768114,https://en.wikipedia.org/w/index.php?title=Trevi_Moran&action=history,vandalism,intentional misgendering after rollback
143,enwiki,Diego_Pavia,1377770322,2026-10-01 01:46:52.000000 UTC,damaging,1377787372,88.8,https://en.wikipedia.org/w/index.php?diff=1377770322,https://en.wikipedia.org/w/index.php?diff=1377787372,https://en.wikipedia.org/w/index.php?title=Diego_Pavia&action=history,vandalism,athlete described as unemployed
144,enwiki,Portrait_Gallery_of_Canada,1377776371,2026-10-01 02:16:58.000000 UTC,damaging,1377777327,4.3,https://en.wikipedia.org/w/index.php?diff=1377776371,https://en.wikipedia.org/w/index.php?diff=1377777327,https://en.wikipedia.org/w/index.php?title=Portrait_Gallery_of_Canada&action=history,honest mistake,promotional mission statement in lead
145,enwiki,Writing,1377809896,2026-10-01 06:15:31.000000 UTC,damaging,1377810354,9.3,https://en.wikipedia.org/w/index.php?diff=1377809896,https://en.wikipedia.org/w/index.php?diff=1377810354,https://en.wikipedia.org/w/index.php?title=Writing&action=history,honest mistake,common word linked to disambiguation
146,enwiki,Acoma_Pueblo,1377812942,2026-10-01 07:05:26.000000 UTC,damaging,1377854246,471.6,https://en.wikipedia.org/w/index.php?diff=1377812942,https://en.wikipedia.org/w/index.php?diff=1377854246,https://en.wikipedia.org/w/index.php?title=Acoma_Pueblo&action=history,fine,completed copyright deletion request details
147,enwiki,La_bola_negra,1377823249,2026-10-01 09:07:28.000000 UTC,damaging,1377826155,45.8,https://en.wikipedia.org/w/index.php?diff=1377823249,https://en.wikipedia.org/w/index.php?diff=1377826155,https://en.wikipedia.org/w/index.php?title=La_bola_negra&action=history,fine,linked actor name
148,enwiki,Rajbanshi_language_(Nepal),1377823578,2026-10-01 09:11:44.000000 UTC,damaging,1377823739,2.2,https://en.wikipedia.org/w/index.php?diff=1377823578,https://en.wikipedia.org/w/index.php?diff=1377823739,https://en.wikipedia.org/w/index.php?title=Rajbanshi_language_%28Nepal%29&action=history,honest mistake,unsupported synthesis and unrelated citations
149,enwiki,In_Memoriam,1377830945,2026-10-01 10:56:59.000000 UTC,damaging,1377839917,109.9,https://en.wikipedia.org/w/index.php?diff=1377830945,https://en.wikipedia.org/w/index.php?diff=1377839917,https://en.wikipedia.org/w/index.php?title=In_Memoriam&action=history,fine,clarified video game description
150,enwiki,Alfie_Moon,1377839942,2026-10-01 12:47:16.000000 UTC,damaging,1377842543,22.8,https://en.wikipedia.org/w/index.php?diff=1377839942,https://en.wikipedia.org/w/index.php?diff=1377842543,https://en.wikipedia.org/w/index.php?title=Alfie_Moon&action=history,content dispute,US spelling on British article
151,enwiki,Seraphim_Rose,1377850712,2026-10-01 14:24:19.000000 UTC,damaging,1377855988,46.5,https://en.wikipedia.org/w/index.php?diff=1377850712,https://en.wikipedia.org/w/index.php?diff=1377855988,https://en.wikipedia.org/w/index.php?title=Seraphim_Rose&action=history,content dispute,removed sexuality categories as false
152,enwiki,Timaya,1377853830,2026-10-01 14:53:26.000000 UTC,damaging,1377853904,0.7,https://en.wikipedia.org/w/index.php?diff=1377853830,https://en.wikipedia.org/w/index.php?diff=1377853904,https://en.wikipedia.org/w/index.php?title=Timaya&action=history,vandalism,reference heading replaced with promotional link
153,enwiki,Sixth_and_Seventh_Books_of_Moses,1377857272,2026-10-01 15:22:01.000000 UTC,damaging,1377975339,846.6,https://en.wikipedia.org/w/index.php?diff=1377857272,https://en.wikipedia.org/w/index.php?diff=1377975339,https://en.wikipedia.org/w/index.php?title=Sixth_and_Seventh_Books_of_Moses&action=history,honest mistake,generic ska citation does not source song
154,enwiki,Flydubai_Flight_1073,1377870734,2026-10-01 17:18:51.000000 UTC,damaging,1377871072,2.7,https://en.wikipedia.org/w/index.php?diff=1377870734,https://en.wikipedia.org/w/index.php?diff=1377871072,https://en.wikipedia.org/w/index.php?title=Flydubai_Flight_1073&action=history,fine,duplicate citation maintenance tag
155,enwiki,Later_Zhou,1377873842,2026-10-01 17:44:59.000000 UTC,damaging,1377873876,0.3,https://en.wikipedia.org/w/index.php?diff=1377873842,https://en.wikipedia.org/w/index.php?diff=1377873876,https://en.wikipedia.org/w/index.php?title=Later_Zhou&action=history,honest mistake,incomplete unclear insertion
156,enwiki,Rue_Morgue,1377879060,2026-10-01 18:25:14.000000 UTC,damaging,1377889352,73.7,https://en.wikipedia.org/w/index.php?diff=1377879060,https://en.wikipedia.org/w/index.php?diff=1377889352,https://en.wikipedia.org/w/index.php?title=Rue_Morgue&action=history,fine,relevant band disambiguation entry
157,enwiki,Ecclesiastical_Latin,1377881599,2026-10-01 18:43:17.000000 UTC,damaging,1377881705,1.0,https://en.wikipedia.org/w/index.php?diff=1377881599,https://en.wikipedia.org/w/index.php?diff=1377881705,https://en.wikipedia.org/w/index.php?title=Ecclesiastical_Latin&action=history,honest mistake,unformatted unsourced opening statement
158,enwiki,2015–16_Cleveland_Cavaliers_season,1377881928,2026-10-01 18:45:37.000000 UTC,damaging,1377883377,10.0,https://en.wikipedia.org/w/index.php?diff=1377881928,https://en.wikipedia.org/w/index.php?diff=1377883377,https://en.wikipedia.org/w/index.php?title=2015%E2%80%9316_Cleveland_Cavaliers_season&action=history,vandalism,season changed to 6969
159,enwiki,Birds_Aren't_Real,1377885053,2026-10-01 19:06:04.000000 UTC,damaging,1377885095,0.4,https://en.wikipedia.org/w/index.php?diff=1377885053,https://en.wikipedia.org/w/index.php?diff=1377885095,https://en.wikipedia.org/w/index.php?title=Birds_Aren%27t_Real&action=history,honest mistake,oversimplified lead loses sourced explanation
160,enwiki,Ben_Gurion_Airport,1377887858,2026-10-01 19:27:09.000000 UTC,damaging,1377905064,145.6,https://en.wikipedia.org/w/index.php?diff=1377887858,https://en.wikipedia.org/w/index.php?diff=1377905064,https://en.wikipedia.org/w/index.php?title=Ben_Gurion_Airport&action=history,honest mistake,unsourced route suspension
161,enwiki,Jim_Cummings,1377896572,2026-10-01 20:40:45.000000 UTC,damaging,1378109445,1695.4,https://en.wikipedia.org/w/index.php?diff=1377896572,https://en.wikipedia.org/w/index.php?diff=1378109445,https://en.wikipedia.org/w/index.php?title=Jim_Cummings&action=history,fine,merged lead paragraphs without changing content
162,enwiki,Fernando_Eros_Caro,1377900881,2026-10-01 21:17:42.000000 UTC,damaging,1377901445,4.0,https://en.wikipedia.org/w/index.php?diff=1377900881,https://en.wikipedia.org/w/index.php?diff=1377901445,https://en.wikipedia.org/w/index.php?title=Fernando_Eros_Caro&action=history,fine,removed contradictory duplicate word
163,enwiki,Salinas_Valley,1377904800,2026-10-01 21:50:19.000000 UTC,damaging,1377904868,0.6,https://en.wikipedia.org/w/index.php?diff=1377904800,https://en.wikipedia.org/w/index.php?diff=1377904868,https://en.wikipedia.org/w/index.php?title=Salinas_Valley&action=history,honest mistake,added typo
164,enwiki,David_Epstein,1377910414,2026-10-01 22:41:10.000000 UTC,damaging,1377910648,1.9,https://en.wikipedia.org/w/index.php?diff=1377910414,https://en.wikipedia.org/w/index.php?diff=1377910648,https://en.wikipedia.org/w/index.php?title=David_Epstein&action=history,vandalism,defamatory unrelated insinuation
165,enwiki,Suntan_City,1377916034,2026-10-01 23:25:39.000000 UTC,damaging,1377916083,0.2,https://en.wikipedia.org/w/index.php?diff=1377916034,https://en.wikipedia.org/w/index.php?diff=1377916083,https://en.wikipedia.org/w/index.php?title=Suntan_City&action=history,content dispute,genre inferred from lyrics
166,hiwiki,असम_पुलिस,6619894,2026-09-26 04:01:35.000000 UTC,damaging,6620033,372.8,https://hi.wikipedia.org/w/index.php?diff=6619894,https://hi.wikipedia.org/w/index.php?diff=6620033,https://hi.wikipedia.org/w/index.php?title=%E0%A4%85%E0%A4%B8%E0%A4%AE_%E0%A4%AA%E0%A5%81%E0%A4%B2%E0%A4%BF%E0%A4%B8&action=history,vandalism,unrelated recruitment text in code block
167,hiwiki,असम_पुलिस,6619897,2026-09-26 04:05:29.000000 UTC,damaging,6620033,368.9,https://hi.wikipedia.org/w/index.php?diff=6619897,https://hi.wikipedia.org/w/index.php?diff=6620033,https://hi.wikipedia.org/w/index.php?title=%E0%A4%85%E0%A4%B8%E0%A4%AE_%E0%A4%AA%E0%A5%81%E0%A4%B2%E0%A4%BF%E0%A4%B8&action=history,vandalism,job website spam
168,hiwiki,फूल_और_अंगार,6619940,2026-09-26 05:32:37.000000 UTC,damaging,6620035,283.9,https://hi.wikipedia.org/w/index.php?diff=6619940,https://hi.wikipedia.org/w/index.php?diff=6620035,https://hi.wikipedia.org/w/index.php?title=%E0%A4%AB%E0%A5%82%E0%A4%B2_%E0%A4%94%E0%A4%B0_%E0%A4%85%E0%A4%82%E0%A4%97%E0%A4%BE%E0%A4%B0&action=history,honest mistake,unsourced cast-role addition
169,hiwiki,फूल_और_अंगार,6619943,2026-09-26 05:33:48.000000 UTC,damaging,6620035,282.7,https://hi.wikipedia.org/w/index.php?diff=6619943,https://hi.wikipedia.org/w/index.php?diff=6620035,https://hi.wikipedia.org/w/index.php?title=%E0%A4%AB%E0%A5%82%E0%A4%B2_%E0%A4%94%E0%A4%B0_%E0%A4%85%E0%A4%82%E0%A4%97%E0%A4%BE%E0%A4%B0&action=history,honest mistake,unsourced cast-role correction
170,hiwiki,असम_पुलिस,6620056,2026-09-26 11:00:16.000000 UTC,damaging,6620096,55.8,https://hi.wikipedia.org/w/index.php?diff=6620056,https://hi.wikipedia.org/w/index.php?diff=6620096,https://hi.wikipedia.org/w/index.php?title=%E0%A4%85%E0%A4%B8%E0%A4%AE_%E0%A4%AA%E0%A5%81%E0%A4%B2%E0%A4%BF%E0%A4%B8&action=history,vandalism,repeated recruitment spam after rollback
171,hiwiki,करम_पर्व,6620191,2026-09-26 14:35:59.000000 UTC,damaging,6620306,116.9,https://hi.wikipedia.org/w/index.php?diff=6620191,https://hi.wikipedia.org/w/index.php?diff=6620306,https://hi.wikipedia.org/w/index.php?title=%E0%A4%95%E0%A4%B0%E0%A4%AE_%E0%A4%AA%E0%A4%B0%E0%A5%8D%E0%A4%B5&action=history,content dispute,replaced newspaper reference
172,hiwiki,सरहुल,6620193,2026-09-26 14:40:12.000000 UTC,damaging,6620304,110.7,https://hi.wikipedia.org/w/index.php?diff=6620193,https://hi.wikipedia.org/w/index.php?diff=6620304,https://hi.wikipedia.org/w/index.php?title=%E0%A4%B8%E0%A4%B0%E0%A4%B9%E0%A5%81%E0%A4%B2&action=history,content dispute,replaced newspaper reference
173,hiwiki,सोहराय,6620199,2026-09-26 14:43:27.000000 UTC,damaging,6620264,49.6,https://hi.wikipedia.org/w/index.php?diff=6620199,https://hi.wikipedia.org/w/index.php?diff=6620264,https://hi.wikipedia.org/w/index.php?title=%E0%A4%B8%E0%A5%8B%E0%A4%B9%E0%A4%B0%E0%A4%BE%E0%A4%AF&action=history,content dispute,replaced festival source
174,hiwiki,करम_पर्व,6620208,2026-09-26 14:54:30.000000 UTC,damaging,6620305,97.0,https://hi.wikipedia.org/w/index.php?diff=6620208,https://hi.wikipedia.org/w/index.php?diff=6620305,https://hi.wikipedia.org/w/index.php?title=%E0%A4%95%E0%A4%B0%E0%A4%AE_%E0%A4%AA%E0%A4%B0%E0%A5%8D%E0%A4%B5&action=history,fine,removed duplicated author surname
175,hiwiki,जन्म_प्रमाण_पत्र,6620572,2026-09-27 07:44:14.000000 UTC,damaging,6620576,4.8,https://hi.wikipedia.org/w/index.php?diff=6620572,https://hi.wikipedia.org/w/index.php?diff=6620576,https://hi.wikipedia.org/w/index.php?title=%E0%A4%9C%E0%A4%A8%E0%A5%8D%E0%A4%AE_%E0%A4%AA%E0%A5%8D%E0%A4%B0%E0%A4%AE%E0%A4%BE%E0%A4%A3_%E0%A4%AA%E0%A4%A4%E0%A5%8D%E0%A4%B0&action=history,honest mistake,broken image markup and archive date
176,hiwiki,देवातु,6620643,2026-09-27 09:30:53.000000 UTC,damaging,6620709,79.5,https://hi.wikipedia.org/w/index.php?diff=6620643,https://hi.wikipedia.org/w/index.php?diff=6620709,https://hi.wikipedia.org/w/index.php?title=%E0%A4%A6%E0%A5%87%E0%A4%B5%E0%A4%BE%E0%A4%A4%E0%A5%81&action=history,honest mistake,promotional unsourced local biography
177,hiwiki,साखमय_अनुदान_योजना,6621190,2026-09-28 05:55:31.000000 UTC,damaging,6621191,0.5,https://hi.wikipedia.org/w/index.php?diff=6621190,https://hi.wikipedia.org/w/index.php?diff=6621191,https://hi.wikipedia.org/w/index.php?title=%E0%A4%B8%E0%A4%BE%E0%A4%96%E0%A4%AE%E0%A4%AF_%E0%A4%85%E0%A4%A8%E0%A5%81%E0%A4%A6%E0%A4%BE%E0%A4%A8_%E0%A4%AF%E0%A5%8B%E0%A4%9C%E0%A4%A8%E0%A4%BE&action=history,honest mistake,stray bold letter inside reference
178,hiwiki,होशंगाबाद,6621298,2026-09-28 09:23:03.000000 UTC,damaging,6621326,22.8,https://hi.wikipedia.org/w/index.php?diff=6621298,https://hi.wikipedia.org/w/index.php?diff=6621326,https://hi.wikipedia.org/w/index.php?title=%E0%A4%B9%E0%A5%8B%E0%A4%B6%E0%A4%82%E0%A4%97%E0%A4%BE%E0%A4%AC%E0%A4%BE%E0%A4%A6&action=history,content dispute,restored article instead of redirect
179,hiwiki,पूरनपुर,6621674,2026-09-28 21:19:25.000000 UTC,damaging,6621697,88.8,https://hi.wikipedia.org/w/index.php?diff=6621674,https://hi.wikipedia.org/w/index.php?diff=6621697,https://hi.wikipedia.org/w/index.php?title=%E0%A4%AA%E0%A5%82%E0%A4%B0%E0%A4%A8%E0%A4%AA%E0%A5%81%E0%A4%B0&action=history,honest mistake,unsourced school history in hieroglyph tag
180,hiwiki,विंडोज़_फोन_८.१,6621831,2026-09-29 06:29:40.000000 UTC,damaging,6621833,12.8,https://hi.wikipedia.org/w/index.php?diff=6621831,https://hi.wikipedia.org/w/index.php?diff=6621833,https://hi.wikipedia.org/w/index.php?title=%E0%A4%B5%E0%A4%BF%E0%A4%82%E0%A4%A1%E0%A5%8B%E0%A4%9C%E0%A4%BC_%E0%A4%AB%E0%A5%8B%E0%A4%A8_%E0%A5%AE.%E0%A5%A7&action=history,vandalism,keyboard gibberish
181,hiwiki,करणी_सेना,6622032,2026-09-29 11:13:47.000000 UTC,damaging,6622042,17.2,https://hi.wikipedia.org/w/index.php?diff=6622032,https://hi.wikipedia.org/w/index.php?diff=6622042,https://hi.wikipedia.org/w/index.php?title=%E0%A4%95%E0%A4%B0%E0%A4%A3%E0%A5%80_%E0%A4%B8%E0%A5%87%E0%A4%A8%E0%A4%BE&action=history,honest mistake,broken external image link
182,hiwiki,हिन्दुस्तान_मशीन_टूल्स,6622063,2026-09-29 12:28:08.000000 UTC,damaging,6622065,0.8,https://hi.wikipedia.org/w/index.php?diff=6622063,https://hi.wikipedia.org/w/index.php?diff=6622065,https://hi.wikipedia.org/w/index.php?title=%E0%A4%B9%E0%A4%BF%E0%A4%A8%E0%A5%8D%E0%A4%A6%E0%A5%81%E0%A4%B8%E0%A5%8D%E0%A4%A4%E0%A4%BE%E0%A4%A8_%E0%A4%AE%E0%A4%B6%E0%A5%80%E0%A4%A8_%E0%A4%9F%E0%A5%82%E0%A4%B2%E0%A5%8D%E0%A4%B8&action=history,honest mistake,unsourced opinion essay
183,hiwiki,चन्द्रशेखर_आजाद_(राजनीतिज्ञ),6622605,2026-09-30 10:25:49.000000 UTC,damaging,6622608,13.5,https://hi.wikipedia.org/w/index.php?diff=6622605,https://hi.wikipedia.org/w/index.php?diff=6622608,https://hi.wikipedia.org/w/index.php?title=%E0%A4%9A%E0%A4%A8%E0%A5%8D%E0%A4%A6%E0%A5%8D%E0%A4%B0%E0%A4%B6%E0%A5%87%E0%A4%96%E0%A4%B0_%E0%A4%86%E0%A4%9C%E0%A4%BE%E0%A4%A6_%28%E0%A4%B0%E0%A4%BE%E0%A4%9C%E0%A4%A8%E0%A5%80%E0%A4%A4%E0%A4%BF%E0%A4%9C%E0%A5%8D%E0%A4%9E%29&action=history,vandalism,politician biography replaced with another identity
184,hiwiki,हिन्दी_नाटक,6622676,2026-09-30 15:05:13.000000 UTC,damaging,6622679,4.7,https://hi.wikipedia.org/w/index.php?diff=6622676,https://hi.wikipedia.org/w/index.php?diff=6622679,https://hi.wikipedia.org/w/index.php?title=%E0%A4%B9%E0%A4%BF%E0%A4%A8%E0%A5%8D%E0%A4%A6%E0%A5%80_%E0%A4%A8%E0%A4%BE%E0%A4%9F%E0%A4%95&action=history,honest mistake,unneeded HTML and large heading
185,hiwiki,भगवती_देवी_शर्मा,6622752,2026-09-30 18:04:07.000000 UTC,damaging,6622871,468.9,https://hi.wikipedia.org/w/index.php?diff=6622752,https://hi.wikipedia.org/w/index.php?diff=6622871,https://hi.wikipedia.org/w/index.php?title=%E0%A4%AD%E0%A4%97%E0%A4%B5%E0%A4%A4%E0%A5%80_%E0%A4%A6%E0%A5%87%E0%A4%B5%E0%A5%80_%E0%A4%B6%E0%A4%B0%E0%A5%8D%E0%A4%AE%E0%A4%BE&action=history,fine,restored deletion-discussion template
186,hiwiki,खैरथल,6623260,2026-10-01 12:51:00.000000 UTC,damaging,6623261,0.5,https://hi.wikipedia.org/w/index.php?diff=6623260,https://hi.wikipedia.org/w/index.php?diff=6623261,https://hi.wikipedia.org/w/index.php?title=%E0%A4%96%E0%A5%88%E0%A4%B0%E0%A4%A5%E0%A4%B2&action=history,vandalism,unrelated police name in hieroglyph tag
187,hiwiki,टाइटैनिक,6623394,2026-10-01 16:37:37.000000 UTC,damaging,6623397,2.1,https://hi.wikipedia.org/w/index.php?diff=6623394,https://hi.wikipedia.org/w/index.php?diff=6623397,https://hi.wikipedia.org/w/index.php?title=%E0%A4%9F%E0%A4%BE%E0%A4%87%E0%A4%9F%E0%A5%88%E0%A4%A8%E0%A4%BF%E0%A4%95&action=history,honest mistake,translation cites Wikipedia instead of original sources
188,hiwiki,"लोदिया_बिहार_गाँव,_लखीसराय_(लखीसराय)",6623425,2026-10-01 18:02:51.000000 UTC,damaging,6623436,18.6,https://hi.wikipedia.org/w/index.php?diff=6623425,https://hi.wikipedia.org/w/index.php?diff=6623436,https://hi.wikipedia.org/w/index.php?title=%E0%A4%B2%E0%A5%8B%E0%A4%A6%E0%A4%BF%E0%A4%AF%E0%A4%BE_%E0%A4%AC%E0%A4%BF%E0%A4%B9%E0%A4%BE%E0%A4%B0_%E0%A4%97%E0%A4%BE%E0%A4%81%E0%A4%B5%2C_%E0%A4%B2%E0%A4%96%E0%A5%80%E0%A4%B8%E0%A4%B0%E0%A4%BE%E0%A4%AF_%28%E0%A4%B2%E0%A4%96%E0%A5%80%E0%A4%B8%E0%A4%B0%E0%A4%BE%E0%A4%AF%29&action=history,honest mistake,English addition inside Hindi heading
189,hiwiki,"लोदिया_बिहार_गाँव,_लखीसराय_(लखीसराय)",6623427,2026-10-01 18:06:27.000000 UTC,damaging,6623436,15.0,https://hi.wikipedia.org/w/index.php?diff=6623427,https://hi.wikipedia.org/w/index.php?diff=6623436,https://hi.wikipedia.org/w/index.php?title=%E0%A4%B2%E0%A5%8B%E0%A4%A6%E0%A4%BF%E0%A4%AF%E0%A4%BE_%E0%A4%AC%E0%A4%BF%E0%A4%B9%E0%A4%BE%E0%A4%B0_%E0%A4%97%E0%A4%BE%E0%A4%81%E0%A4%B5%2C_%E0%A4%B2%E0%A4%96%E0%A5%80%E0%A4%B8%E0%A4%B0%E0%A4%BE%E0%A4%AF_%28%E0%A4%B2%E0%A4%96%E0%A5%80%E0%A4%B8%E0%A4%B0%E0%A4%BE%E0%A4%AF%29&action=history,honest mistake,unsourced folk etymology and signature
190,hiwiki,"लोदिया_बिहार_गाँव,_लखीसराय_(लखीसराय)",6623431,2026-10-01 18:13:35.000000 UTC,damaging,6623436,7.9,https://hi.wikipedia.org/w/index.php?diff=6623431,https://hi.wikipedia.org/w/index.php?diff=6623436,https://hi.wikipedia.org/w/index.php?title=%E0%A4%B2%E0%A5%8B%E0%A4%A6%E0%A4%BF%E0%A4%AF%E0%A4%BE_%E0%A4%AC%E0%A4%BF%E0%A4%B9%E0%A4%BE%E0%A4%B0_%E0%A4%97%E0%A4%BE%E0%A4%81%E0%A4%B5%2C_%E0%A4%B2%E0%A4%96%E0%A5%80%E0%A4%B8%E0%A4%B0%E0%A4%BE%E0%A4%AF_%28%E0%A4%B2%E0%A4%96%E0%A5%80%E0%A4%B8%E0%A4%B0%E0%A4%BE%E0%A4%AF%29&action=history,honest mistake,English replacement removes navigation templates
191,knwiki,ನಂದಮೂರಿ_ತಾರಕ_ರಾಮಾರಾವ್,1430474,2026-09-26 16:35:57.000000 UTC,damaging,1430487,614.1,https://kn.wikipedia.org/w/index.php?diff=1430474,https://kn.wikipedia.org/w/index.php?diff=1430487,https://kn.wikipedia.org/w/index.php?title=%E0%B2%A8%E0%B2%82%E0%B2%A6%E0%B2%AE%E0%B3%82%E0%B2%B0%E0%B2%BF_%E0%B2%A4%E0%B2%BE%E0%B2%B0%E0%B2%95_%E0%B2%B0%E0%B2%BE%E0%B2%AE%E0%B2%BE%E0%B2%B0%E0%B2%BE%E0%B2%B5%E0%B3%8D&action=history,fine,synonymous film heading
192,knwiki,ಕೆಳದಿಯ_ಚೆನ್ನಮ್ಮ,1430779,2026-09-30 04:26:03.000000 UTC,damaging,1430811,122.6,https://kn.wikipedia.org/w/index.php?diff=1430779,https://kn.wikipedia.org/w/index.php?diff=1430811,https://kn.wikipedia.org/w/index.php?title=%E0%B2%95%E0%B3%86%E0%B2%B3%E0%B2%A6%E0%B2%BF%E0%B2%AF_%E0%B2%9A%E0%B3%86%E0%B2%A8%E0%B3%8D%E0%B2%A8%E0%B2%AE%E0%B3%8D%E0%B2%AE&action=history,honest mistake,off-topic biography and undefined references
193,knwiki,ಆಲೂಗಡ್ಡೆ,1430925,2026-09-30 17:14:55.000000 UTC,damaging,1431148,1040.9,https://kn.wikipedia.org/w/index.php?diff=1430925,https://kn.wikipedia.org/w/index.php?diff=1431148,https://kn.wikipedia.org/w/index.php?title=%E0%B2%86%E0%B2%B2%E0%B3%82%E0%B2%97%E0%B2%A1%E0%B3%8D%E0%B2%A1%E0%B3%86&action=history,honest mistake,regional synonym added with broken grammar
194,knwiki,ಆಲೂಗಡ್ಡೆ,1430926,2026-09-30 17:15:17.000000 UTC,damaging,1431148,1040.5,https://kn.wikipedia.org/w/index.php?diff=1430926,https://kn.wikipedia.org/w/index.php?diff=1431148,https://kn.wikipedia.org/w/index.php?title=%E0%B2%86%E0%B2%B2%E0%B3%82%E0%B2%97%E0%B2%A1%E0%B3%8D%E0%B2%A1%E0%B3%86&action=history,fine,inserted missing space
195,knwiki,ರವಿಚಂದ್ರನ್,1430929,2026-09-30 17:25:19.000000 UTC,damaging,1431147,1030.5,https://kn.wikipedia.org/w/index.php?diff=1430929,https://kn.wikipedia.org/w/index.php?diff=1431147,https://kn.wikipedia.org/w/index.php?title=%E0%B2%B0%E0%B2%B5%E0%B2%BF%E0%B2%9A%E0%B2%82%E0%B2%A6%E0%B3%8D%E0%B2%B0%E0%B2%A8%E0%B3%8D&action=history,fine,synonymous film labels
196,knwiki,ವರುಣ್_ಧವನ್,1430930,2026-09-30 17:26:35.000000 UTC,damaging,1431149,1029.2,https://kn.wikipedia.org/w/index.php?diff=1430930,https://kn.wikipedia.org/w/index.php?diff=1431149,https://kn.wikipedia.org/w/index.php?title=%E0%B2%B5%E0%B2%B0%E0%B3%81%E0%B2%A3%E0%B3%8D_%E0%B2%A7%E0%B2%B5%E0%B2%A8%E0%B3%8D&action=history,fine,simpler filmography heading
197,knwiki,ಕಲ್ಲು,1430931,2026-09-30 17:27:51.000000 UTC,damaging,1431143,1028.0,https://kn.wikipedia.org/w/index.php?diff=1430931,https://kn.wikipedia.org/w/index.php?diff=1431143,https://kn.wikipedia.org/w/index.php?title=%E0%B2%95%E0%B2%B2%E0%B3%8D%E0%B2%B2%E0%B3%81&action=history,fine,removed redundant word from rock caption
198,knwiki,ರಕ್ಷಿತಾ,1430937,2026-09-30 17:41:52.000000 UTC,damaging,1431140,1014.0,https://kn.wikipedia.org/w/index.php?diff=1430937,https://kn.wikipedia.org/w/index.php?diff=1431140,https://kn.wikipedia.org/w/index.php?title=%E0%B2%B0%E0%B2%95%E0%B3%8D%E0%B2%B7%E0%B2%BF%E0%B2%A4%E0%B2%BE&action=history,fine,synonymous film table label
199,knwiki,ರಶ್ಮಿಕಾ_ಮಂದಣ್ಣ,1431075,2026-10-01 06:26:46.000000 UTC,damaging,1431146,249.1,https://kn.wikipedia.org/w/index.php?diff=1431075,https://kn.wikipedia.org/w/index.php?diff=1431146,https://kn.wikipedia.org/w/index.php?title=%E0%B2%B0%E0%B2%B6%E0%B3%8D%E0%B2%AE%E0%B2%BF%E0%B2%95%E0%B2%BE_%E0%B2%AE%E0%B2%82%E0%B2%A6%E0%B2%A3%E0%B3%8D%E0%B2%A3&action=history,fine,synonymous filmography heading
200,knwiki,ಶರ್ಮಿಳಾ_ಮಾಂಡ್ರೆ,1431114,2026-10-01 08:04:36.000000 UTC,damaging,1431151,151.2,https://kn.wikipedia.org/w/index.php?diff=1431114,https://kn.wikipedia.org/w/index.php?diff=1431151,https://kn.wikipedia.org/w/index.php?title=%E0%B2%B6%E0%B2%B0%E0%B3%8D%E0%B2%AE%E0%B2%BF%E0%B2%B3%E0%B2%BE_%E0%B2%AE%E0%B2%BE%E0%B2%82%E0%B2%A1%E0%B3%8D%E0%B2%B0%E0%B3%86&action=history,fine,synonymous film wording
